推荐一个「本地」开源平替版Manus：AiPy，不会跑路,http://mp.weixin.qq.com/s?__biz=MzA4NzgzMjA4MQ==&mid=2453473639&idx=1&sn=3fe04c31ae7f87ad5d8c2c443ae6c288&chksm=87faca19b08d430f2b31f7c4ff227a5e44968309b1a22e1b1abdd7b995949f8d162b3a55daf9#rd,2025-07-17 15:10:59
Unify：9个月两轮融资估值2.6亿美元，AI 自动化销售赛道跑出新独角兽,http://mp.weixin.qq.com/s?__biz=MzA4NzgzMjA4MQ==&mid=2453473576&idx=1&sn=ae50560962082012cb230c9a73bb4e0b&chksm=87faca56b08d434091383d6350ba7a3df0c522e3859043741333167692bf34e8a75021c274b9#rd,2025-07-16 23:38:05
Meta将推出闭源模型，并砸数千亿美元打造超算集群,http://mp.weixin.qq.com/s?__biz=MzA4NzgzMjA4MQ==&mid=2453473425&idx=1&sn=d62b6882aaa33bc5349a8eb122576f7b&chksm=87facbefb08d42f9d2e636b5929299a1ca3e772793decfc722ab0f8f7a57eeb3f1765a0c585e#rd,2025-07-15 08:03:43
苹果正在成为下一个诺基亚,http://mp.weixin.qq.com/s?__biz=MzA4NzgzMjA4MQ==&mid=2453473385&idx=1&sn=445c40513fe1f5607758a687ef9c4e3c&chksm=87facb17b08d42017e05110fb30b5d89421f2057264165f49eaa041ba17ed0e2df841609a33d#rd,2025-07-14 01:00:41
Windsurf与Google的24亿美元交易细节曝光：创始人带着24亿美元跑路，留下数百员工守着空壳公司,http://mp.weixin.qq.com/s?__biz=MzA4NzgzMjA4MQ==&mid=2453473336&idx=1&sn=e17bfc1aa59348177a0e4bc7456c6f5c&chksm=87facb46b08d4250560d6200b34c2e7d48715762d3a93075c0f9695bf76bf42cbedbef78d4e9#rd,2025-07-13 10:18:57
Google DeepMind启动首个人类临床试验，目标：用AI攻克所有疾病,http://mp.weixin.qq.com/s?__biz=MzA4NzgzMjA4MQ==&mid=2453472851&idx=1&sn=8cabc962f5651264187c0c64c680d5e1&chksm=87fac52db08d4c3b273b65b818aa86eb4e82ee86e2b748285421fbab75123f988c420c66c2c6#rd,2025-07-07 07:17:19
Karpathy揭秘开源成功密码：像细菌一样写代码,http://mp.weixin.qq.com/s?__biz=MzA4NzgzMjA4MQ==&mid=2453472765&idx=1&sn=358fb86aca273c0a8abf52bbb2e5e91d&chksm=87fac683b08d4f9567bad8d8942c14520ae5420a5f5c9c4865a3b0fe4dc46b01f7389d120dd2#rd,2025-07-06 09:01:18
Grok 4基准测试被爆极其优异，人类终极考试成绩飙升到45%，碾压o3 和Gemini的20%,http://mp.weixin.qq.com/s?__biz=MzA4NzgzMjA4MQ==&mid=2453472734&idx=1&sn=8b01b4d323a232e4302af22fbd0a25d7&chksm=87fac6a0b08d4fb6cc6b6bbd4682e52a772649371a598010051d6c39f16af781f320e8cc313d#rd,2025-07-05 02:15:41
刚刚，Ilya发布内部信：正式掌舵SSI、团队分道扬镳、拒绝收购，专注打造安全超级智能！,http://mp.weixin.qq.com/s?__biz=MzA4NzgzMjA4MQ==&mid=2453472682&idx=1&sn=32403710d0ef567ea3d0ee51215d1f4a&chksm=87fac6d4b08d4fc24109b50e91d61a60ae3916f28014de802b22b6e843da781c9a8ee3b623cc#rd,2025-07-04 00:59:58
生物学家称：大脑并非你体内唯一拥有意识的器官,http://mp.weixin.qq.com/s?__biz=MzA4NzgzMjA4MQ==&mid=2453472656&idx=1&sn=4ca4723d4840fb87cd1a81ad4fb23cc8&chksm=87fac6eeb08d4ff8d5b2ce5130e5991380a2801f4580d277166b4254f65b19baddf37f45ba1b#rd,2025-07-03 20:21:54
EasyDoc：将你的文档变为 AI 友好格式的万能神器,http://mp.weixin.qq.com/s?__biz=MzA4NzgzMjA4MQ==&mid=2453472271&idx=1&sn=7886ba747f915c6d380fa9b08a5a69e4&chksm=87fac771b08d4e67639cff46854298db7cd6b21bc94eacd6646aa9a032315b2a83a1deea1ad9#rd,2025-06-26 12:02:43
他用AI 复活了中风的祖父，现在拿下红杉1600万美元，让所有人都能「数字永生」,http://mp.weixin.qq.com/s?__biz=MzA4NzgzMjA4MQ==&mid=2453472155&idx=1&sn=de007571121f6a5ea433b56880dd8a84&chksm=87fac0e5b08d49f3c8abc2233a27c592a7c72085a5120ad7c08261287d253979900784dbf381#rd,2025-06-25 01:38:24
Meta 148亿美元收购的28岁华裔CEO谈管理哲学，其或将成为硅谷的下一个「主角」,http://mp.weixin.qq.com/s?__biz=MzA4NzgzMjA4MQ==&mid=2453472058&idx=1&sn=db0cce8e3dfe363eb1bc7a577ca4ef70&chksm=87fac044b08d4952b804f9ec7a8fdf0b9dfc0f8928a88bd478208dadd908f010921824a5d6ae#rd,2025-06-23 12:00:13
按摩机器人来了！60美元一次，无比舒服，且正经,http://mp.weixin.qq.com/s?__biz=MzA4NzgzMjA4MQ==&mid=2453472030&idx=1&sn=6463e6dc73cdbdd7c40ae4e40b2e2836&chksm=87fac060b08d4976aff14ca97d1b44393fda4c420979541059f4afa48b4e51ee09c8868bdf1f#rd,2025-06-22 13:12:32
奥特曼被万字报告狂爆黑料，马斯克怒斥：骗子！,http://mp.weixin.qq.com/s?__biz=MzA4NzgzMjA4MQ==&mid=2453471909&idx=1&sn=0daa490f8604ffdaa5d45f38c78609f0&chksm=87fac1dbb08d48cdb2be810271ad2e0cb997325f2be0561c3e9d308375543177b2b035250675#rd,2025-06-20 01:01:25
Cursor CEO最新访谈：编程会消亡，但品味将永存,http://mp.weixin.qq.com/s?__biz=MzA4NzgzMjA4MQ==&mid=2453471470&idx=1&sn=87a48b6565ca70bd70117ed13e7c9508&chksm=87fac390b08d4a86819df9ccbe778cb67218270552d02009d6b3f96c9004db53ffcfdba703ff#rd,2025-06-14 12:23:46
吴恩达深夜发文：GenAI 时代应用工程师的必备能力清单,http://mp.weixin.qq.com/s?__biz=MzA4NzgzMjA4MQ==&mid=2453471435&idx=1&sn=b984d5d4ae01e5f99525738d2985bbef&chksm=87fac3b5b08d4aa3bcfca44fe15957ead8db8e7ad4fba4be1efee19f694f036415b69fa8d83a#rd,2025-06-13 01:31:01
扎克伯格炮轰苹果缺乏创新，并千万美金年薪狂招AI 人才,http://mp.weixin.qq.com/s?__biz=MzA4NzgzMjA4MQ==&mid=2453471386&idx=1&sn=52abc8beabe9790a0e78a279d6133439&chksm=87fac3e4b08d4af27ebef52c2f1c322b3fe56e3c68856d10e6203d464b15ce940114beb621a8#rd,2025-06-12 02:01:22
MiniCPM 4.0极速狂飙，端侧模型的比赛，结束了！,http://mp.weixin.qq.com/s?__biz=MzA4NzgzMjA4MQ==&mid=2453471296&idx=1&sn=a56c69d6e7db343ae75ccd3f7d53c484&chksm=87fac33eb08d4a280e3aced954e4f92c544fcd7be9876fbd1a6afb06b4532ab2ebeff73f699a#rd,2025-06-11 00:57:59
卧底房产AI三天后，我发现地产圈的「信息差」，正被这样一铲到底！,http://mp.weixin.qq.com/s?__biz=MzA4NzgzMjA4MQ==&mid=2453471292&idx=1&sn=4f8e55a188a0dd6d5cde2af629db7397&chksm=87fac342b08d4a54a1418032bc2cdd2f20967cd2ab7905569ce91af7e52c4e9677bdabed5958#rd,2025-06-09 23:43:54
首个基因推理AI 横空出世！准确率飙至97%，彻底改变基因组学研究,http://mp.weixin.qq.com/s?__biz=MzA4NzgzMjA4MQ==&mid=2453470722&idx=1&sn=0e3023d75acf18c0d5e4ea3d9545eb42&chksm=87fb3d7cb08cb46aefaf3b587f06c4595020d454bde4bcfefba7b7f2b402f20a8017b6e3870b#rd,2025-06-04 02:09:14
刚刚，DeepMind开源全栈「Deep Research」项目，AI 研究将人人可用,http://mp.weixin.qq.com/s?__biz=MzA4NzgzMjA4MQ==&mid=2453470693&idx=1&sn=ebb2f7a88ab0d5a72b389eb5bfdcde39&chksm=87fb3e9bb08cb78dd12598a3d1572463f4ccb5a4c297358a7d0ad65c371bee0137f6bb388ab9#rd,2025-06-03 09:00:39
大佬观点汇总之「AI 席卷下即将发生的事」。Hinton：人类要完！马斯克：要往好的方面看,http://mp.weixin.qq.com/s?__biz=MzA4NzgzMjA4MQ==&mid=2453470677&idx=1&sn=24b36e418668683938a7b033f6fe4ca6&chksm=87fb3eabb08cb7bd41e7d22da46f567c8d2815618f0bdc1a07fc62afa64bd8494df84cb46022#rd,2025-06-01 14:02:20
95%的人不知道什么是AGI，也不知道他们将很快失业,http://mp.weixin.qq.com/s?__biz=MzA4NzgzMjA4MQ==&mid=2453470627&idx=1&sn=0dee7d323e34051da8db7dc15254d7ce&chksm=87fb3eddb08cb7cbe3a92a0236c79cbf78177a9ee735e1cdedde191adba9a152778353f8d243#rd,2025-05-31 11:00:58
DeepSeek 跃居全球第二 AI 实验室，中美正式并驾齐驱！,http://mp.weixin.qq.com/s?__biz=MzA4NzgzMjA4MQ==&mid=2453470572&idx=1&sn=8e376971d0c196d0ea2dc0f48ba00036&chksm=87fb3e12b08cb704c02413e7412abc608fccaa7436d8a6dde6677c7391e4f362b5debf6233d1#rd,2025-05-30 02:00:24
OnlyFans和AI女友，谁会是最后的赢家？,http://mp.weixin.qq.com/s?__biz=MzA4NzgzMjA4MQ==&mid=2453470072&idx=1&sn=b3f9fc6c8a3811e8b5ddba7ffb0875fa&chksm=87fb3806b08cb110f9bb367c6756e0af5f2c8a1f15b77f7c56d21c823092c349e6c02f1ff5e5#rd,2025-05-24 16:00:30
Claude 4发布！世界最强编程模型来了,http://mp.weixin.qq.com/s?__biz=MzA4NzgzMjA4MQ==&mid=2453470005&idx=1&sn=89a3359519032c4d8bd17d15f09522a8&chksm=87fb384bb08cb15df242796d3b6bda4395d1178ce322ef211bd7f3f8084400d0662837f3efb4#rd,2025-05-23 01:14:13
Claude 4 要来了！,http://mp.weixin.qq.com/s?__biz=MzA4NzgzMjA4MQ==&mid=2453469927&idx=1&sn=a3b96a7aa184deb93917f4601cad48fd&chksm=87fb3999b08cb08fd221c046bd63d66bec6d6f113034cbba06acc6f0bb950b8899518db244e3#rd,2025-05-22 14:00:13
请不要多轮对话！,http://mp.weixin.qq.com/s?__biz=MzA4NzgzMjA4MQ==&mid=2453469894&idx=1&sn=d4c4a85533b8f51343abf924cf897f6e&chksm=87fb39b8b08cb0ae2bb84aa392e5f9cd593476b887bf248ce2cf99ae91942256cd7aedb00854#rd,2025-05-21 19:20:37
重磅！微软宣布开源Copilot！Cursor：完了！,http://mp.weixin.qq.com/s?__biz=MzA4NzgzMjA4MQ==&mid=2453469838&idx=1&sn=6b715ca9c6bc24c1523e8196ba2dda1b&chksm=87fb39f0b08cb0e68ba40f1d158fa5189a06e41b61336c9e42b06b932857183613c2ee9d54b6#rd,2025-05-20 01:08:00
10万字Claude系统提示词泄露！我用DeepSeek 将它翻译成了中文版,http://mp.weixin.qq.com/s?__biz=MzA4NzgzMjA4MQ==&mid=2453469400&idx=1&sn=9d02549c83da566d1cdf11736da83271&chksm=87fb3ba6b08cb2b0a49033e06f4be7c6e4d714d7071693962cf292018342b1e998b4062eb893#rd,2025-05-13 12:01:50
Andrej Karpathy提出LLM学习新范式：系统提示学习,http://mp.weixin.qq.com/s?__biz=MzA4NzgzMjA4MQ==&mid=2453469367&idx=1&sn=691762d31f544b23ecbc37d3529bb5e7&chksm=87fb3bc9b08cb2dff608557605c29c5b9f8bf0f4f28b5bfd11507140b9af150e0bfaedd84b6b#rd,2025-05-11 10:22:46
Sam Altman美国国会发言：DeepSeek让我感到紧张，AI竞争最终是中美的能源竞争,http://mp.weixin.qq.com/s?__biz=MzA4NzgzMjA4MQ==&mid=2453469352&idx=1&sn=c527c523f84abeb907be86b0e20f942e&chksm=87fb3bd6b08cb2c0905f4babe8cf912d7b012933fac583a659b666fc87c007762bc5f2e31dce#rd,2025-05-10 10:03:03
Mistral发新模型自称「SOTA」，却被网友疯狂追问：怎么不敢和千问比？,http://mp.weixin.qq.com/s?__biz=MzA4NzgzMjA4MQ==&mid=2453469319&idx=1&sn=d76171eb547b2adebcc85eed418119d3&chksm=87fb3bf9b08cb2ef1ab2fda794a2275949be2abf5e86a07eebee09cd6b98c55b5b78a8151023#rd,2025-05-09 17:09:26
刚刚，OpenAI任命新应用CEO！,http://mp.weixin.qq.com/s?__biz=MzA4NzgzMjA4MQ==&mid=2453469249&idx=1&sn=cf0a0ba37840016c2a3ad96fe44a9705&chksm=87fb3b3fb08cb2298015b2ea9bec6fb5e97213a017e299afb00254e68696b795635a5b038bcf#rd,2025-05-08 13:17:14
马斯克：Grok 3.5 下周发布！能用第一性原理给出互联网上不存在的答案,http://mp.weixin.qq.com/s?__biz=MzA4NzgzMjA4MQ==&mid=2453468982&idx=1&sn=e10658bd53e57851764c446a465f737f&chksm=87fb3448b08cbd5ef6273766429221a8e563289687d586bba1a4572030653add512135f917c1#rd,2025-04-29 14:54:30
传言：DeepSeek R2参数暴涨至1.2万亿、便宜97.3%！美股或将巨震！,http://mp.weixin.qq.com/s?__biz=MzA4NzgzMjA4MQ==&mid=2453468919&idx=1&sn=6affc99ddb2acb4a4f833d1f2c375b1c&chksm=87fb3589b08cbc9fd9d41c008488712adc109a2021dc97feaae35dcccf35d7ec90b2cb9a64ea#rd,2025-04-27 17:02:00
Andrej Karpathy：markdown 将取代HTML！,http://mp.weixin.qq.com/s?__biz=MzA4NzgzMjA4MQ==&mid=2453468840&idx=1&sn=3bc6e52f15b22a46be1429622802f8a1&chksm=87fb35d6b08cbcc0a8a91789e81ad3157fab56946e9a3380c36078066bb1073029c2c8342d87#rd,2025-04-22 12:30:21
o3虽出色，但用词很奇怪……,http://mp.weixin.qq.com/s?__biz=MzA4NzgzMjA4MQ==&mid=2453468783&idx=1&sn=0bd4aa12c883f13147eeb01ed28892ed&chksm=87fb3511b08cbc077255218c7147b88a6d6f45d96d69bb1e775604043be7111c4f638efd63da#rd,2025-04-21 09:15:28
Claude Code惊现神秘咒语！输入「ultrathink」，效果直接超神！,http://mp.weixin.qq.com/s?__biz=MzA4NzgzMjA4MQ==&mid=2453468766&idx=1&sn=9a8462b315c3bb9d5f9a5150b06d9872&chksm=87fb3520b08cbc3603c0ca4a013984bed2bb9aac7d225456a9c588729a7bf0b930ef88e6ae36#rd,2025-04-20 22:16:59
ChatGPT正转型为伴侣AI！,http://mp.weixin.qq.com/s?__biz=MzA4NzgzMjA4MQ==&mid=2453468313&idx=1&sn=c8626a70feca312a9310785210135405&chksm=87fb37e7b08cbef1320affc50bcca5f3664eeb5c36d8a152fa60e69a49a78323d35102a7b431#rd,2025-04-12 10:34:49
OpenAI放大招！BrowseComp来了，AI上网能力大比拼！,http://mp.weixin.qq.com/s?__biz=MzA4NzgzMjA4MQ==&mid=2453468272&idx=1&sn=3a91dba230d08855ac4bd4abf4efe24f&chksm=87fb370eb08cbe18f9366eca313b094321f60cfea44e4a700b381691f9b8101ce611776c9723#rd,2025-04-11 08:40:01
原来，Trump是用人工智能来设定的关税！,http://mp.weixin.qq.com/s?__biz=MzA4NzgzMjA4MQ==&mid=2453468063&idx=1&sn=237de1b6f171b3907729e609a2d9be7a&chksm=87fb30e1b08cb9f76bdf7eac76e087099163affddbea6320365f94591fbc2c2f2bc3b7e11ab8#rd,2025-04-08 10:47:58
Meta发布Llama 4多模态MoE系列模型！全网专家点评,http://mp.weixin.qq.com/s?__biz=MzA4NzgzMjA4MQ==&mid=2453467986&idx=1&sn=007025980d50e34ab10847ea4873bfe8&chksm=87fb302cb08cb93a3b169d0b33050b25784397dbb1028e28102280736c2d5939e4f254aea133#rd,2025-04-06 09:57:18
MiniMax打造的超真人感AI阿祖，背后有什么黑科技？,http://mp.weixin.qq.com/s?__biz=MzA4NzgzMjA4MQ==&mid=2453467831&idx=1&sn=4299221f70b627ff7b25f0ba73eb3121&chksm=87fb31c9b08cb8df4d847f399567374da144252273c5fced74d35f748bd3863a8e20e085349f#rd,2025-04-04 11:20:24
AI播客Day02：Anthropic推理模型引担忧、Devin 2.0发布价格从500$下调至20$、千问3进入最终开发阶段,http://mp.weixin.qq.com/s?__biz=MzA4NzgzMjA4MQ==&mid=2453467831&idx=2&sn=0eeb949693ab9e43f795a3c52e11061d&chksm=87fb31c9b08cb8dfeceb036d7ba7e320213f75cbc6d884cbc897285a0875a1297598fa529cb6#rd,2025-04-04 11:20:24
最近爆火的氛围编码是个什么鬼？,http://mp.weixin.qq.com/s?__biz=MzA4NzgzMjA4MQ==&mid=2453466989&idx=1&sn=561769310628baeaeb04baf29aae8ce9&chksm=87fb2c13b08ca50508d8b7bb065e8ea2782a2c45b81bf0a47d754b1ee32b84df3e2f8478c3b6#rd,2025-03-24 09:03:34
DeepSeek R2 在ARC-AGI 中得分90%！？,http://mp.weixin.qq.com/s?__biz=MzA4NzgzMjA4MQ==&mid=2453466888&idx=1&sn=d558b39f193e097250ad2ecb9a41bd3e&chksm=87fb2c76b08ca5605ada733ad79db3ca5875b8f0d46b079db45295c9bed3db5f229dcd97c77e#rd,2025-03-23 12:48:12
为什么说海螺是AI视频生成的DeepSeek时刻？,http://mp.weixin.qq.com/s?__biz=MzA4NzgzMjA4MQ==&mid=2453466866&idx=1&sn=9040db0669f9ccc82ea32664ef0e4bc5&chksm=87fb2d8cb08ca49a83e6c3da8cdb38807332aa1c51599ce3473d4249af20e27105c1406429e8#rd,2025-03-22 17:00:38
突发！OpenAI 重磅发布三种全新音频模型！,http://mp.weixin.qq.com/s?__biz=MzA4NzgzMjA4MQ==&mid=2453466820&idx=1&sn=86433a08e0659104a42e1542148dc464&chksm=87fb2dbab08ca4acb0a47e40b0f1569fbc3b335e6ce5b4bc861ebb9316b80d6f62b18b03e827#rd,2025-03-21 02:44:06
我决定，开一家纯套壳公司！,http://mp.weixin.qq.com/s?__biz=MzA4NzgzMjA4MQ==&mid=2453466770&idx=1&sn=2ef97495f6b2f3b4f12419da43638e0f&chksm=87fb2decb08ca4fa21d3e0bd4286c0563ed3c2c9de65fd5b3c6d8a2c55ad7b8859962d62931f#rd,2025-03-19 23:28:23
GPT-5要来了！下月见？,http://mp.weixin.qq.com/s?__biz=MzA4NzgzMjA4MQ==&mid=2453466770&idx=2&sn=cd4fccb2447a46285f270ebc83964789&chksm=87fb2decb08ca4fa9447c1ec53d45f6186e8a7bf430029092be4ca9f9fccd1f929fe77303914#rd,2025-03-19 23:28:23
重磅！AI 自我修错技术问世，LLM 终于能纠正自己的错误了,http://mp.weixin.qq.com/s?__biz=MzA4NzgzMjA4MQ==&mid=2453466250&idx=1&sn=77c7684d4192e200d5918340ff12e4dc&chksm=87fb2ff4b08ca6e2e4a83725011715bef57863aa2207ca963398eeb9aed670e44c823777b67d#rd,2025-03-11 21:03:56
当 AI 嫂子们揉起了面，也揉碎了科技与伦理的边界,http://mp.weixin.qq.com/s?__biz=MzA4NzgzMjA4MQ==&mid=2453466164&idx=1&sn=cc0401a2bde4e478575e2cf439524ec8&chksm=87fb2f4ab08ca65ca4053d575f07aa67fe0758e625c3113742e4a0c0fa5de3ff363a484833a6#rd,2025-03-10 02:40:40
MCP爆火！它到底想干什么？,http://mp.weixin.qq.com/s?__biz=MzA4NzgzMjA4MQ==&mid=2453465987&idx=1&sn=3eda0427e35df90979cd27a833473a28&chksm=87fb28fdb08ca1eb8b102210965a388eae85ef612e85913f7a4245d234d5ffabffeeeca27250#rd,2025-03-08 10:25:16
Manus 一夜爆火，我却想要浇点冷水,http://mp.weixin.qq.com/s?__biz=MzA4NzgzMjA4MQ==&mid=2453465934&idx=1&sn=049b2d1a6107b32270cdea31611823c9&chksm=87fb2830b08ca126aa938b3c5ec83fc825ef0e38d3bed96297536d21db18ba80f157b971cd32#rd,2025-03-07 09:04:39
重磅！OpenAI将推出15万每月的博士级代理！我不配……,http://mp.weixin.qq.com/s?__biz=MzA4NzgzMjA4MQ==&mid=2453465854&idx=1&sn=720ed016ba099e819c8d90c2d7e47258&chksm=87fb2980b08ca096558e64476c2b7ae2265a38f8f9c519b07b83e0062de11f8e4324d43fd3d2#rd,2025-03-06 00:07:16
一个例子，说明Claude Sonnet 3.7 有多强,http://mp.weixin.qq.com/s?__biz=MzA4NzgzMjA4MQ==&mid=2453464975&idx=1&sn=d83613d90a9565553d04567342b88011&chksm=87fb24f1b08cade711556e3047d2e0c9c557574581f3d978917c712acf05190a3e50cc59daef#rd,2025-02-26 01:19:57
满血版DeepSeek R1，天下武功，唯快不破！,http://mp.weixin.qq.com/s?__biz=MzA4NzgzMjA4MQ==&mid=2453464956&idx=1&sn=54e3e83c78bcb10cf5a711b02f978d8f&chksm=87fb2402b08cad1489eeadfe4903af2d2519bd2f5ed0c0f22135a9da1005fd089c49415473ef#rd,2025-02-25 19:02:33
DeepSeek 开源Day 1：FlashMLA！,http://mp.weixin.qq.com/s?__biz=MzA4NzgzMjA4MQ==&mid=2453464690&idx=1&sn=7af50797a273d19c771475f6ea4a296f&chksm=87fb250cb08cac1a63fb22338eb7cbf044a9706c01c380626a3def5bf27fa60816e4d7157048#rd,2025-02-24 10:14:58
我用Devin做的deepseek直播嘴替，让老舅成了福建董宇辉,http://mp.weixin.qq.com/s?__biz=MzA4NzgzMjA4MQ==&mid=2453464501&idx=1&sn=13ec36428666e6869740a77e9ba5284d&chksm=87fb26cbb08cafddf33f01a78c967cc66910b6e64f768b21c6367b831efbbd09412e307be7d1#rd,2025-02-22 15:31:39
OpenAI：未受DeepSeek影响，周活用户已破4亿！马上推出GPT-5,http://mp.weixin.qq.com/s?__biz=MzA4NzgzMjA4MQ==&mid=2453464323&idx=1&sn=dadd9282e1e0e61cdd6ee29e66786525&chksm=87fb267db08caf6bd4cf8647dd5faf2784519fe7257d79cdfdbedd6749453d1a523c086268f2#rd,2025-02-21 00:38:18
DeepSeek 携手OpenAI 同日发布推理模型最佳使用指南,http://mp.weixin.qq.com/s?__biz=MzA4NzgzMjA4MQ==&mid=2453463338&idx=1&sn=3985f22308a6617b2b22fd57e9c1684d&chksm=87fb2254b08cab4241ac6973b7e8f961cf58d99ce1b964bb4822ff7d172a93cda4691c518923#rd,2025-02-15 02:01:14
马斯克：Grok-3 一周内发布！「聪明得吓人」,http://mp.weixin.qq.com/s?__biz=MzA4NzgzMjA4MQ==&mid=2453463149&idx=1&sn=4acc8cb648fecef8cd05b11fec51a47f&chksm=87fb2313b08caa05078479442ee67e46b2031e51c0d996e4af7c98b356374e2f4551ae7988cd#rd,2025-02-14 00:04:19
Anthropic CEO：AI 将于2026 年形成新的「人类社会」！,http://mp.weixin.qq.com/s?__biz=MzA4NzgzMjA4MQ==&mid=2453462902&idx=1&sn=24259ac8a46c9b95eef1bd7e40409bec&chksm=87fb1c08b08c951e29a1ec280438b2517289b8905e30dfb8bc3dd82a5fdb5d3e44aa165ef48b#rd,2025-02-12 01:00:21
苹果选择阿里背后的笑话,http://mp.weixin.qq.com/s?__biz=MzA4NzgzMjA4MQ==&mid=2453462902&idx=2&sn=c63e5dd5dd336bfbfb71c77373994c82&chksm=87fb1c08b08c951e47597bcf571fda12eeff6579793e9f20b7dcfaba76136c0febb868e39719#rd,2025-02-12 01:00:21
DeepSeek R1 还是LLM 吗？,http://mp.weixin.qq.com/s?__biz=MzA4NzgzMjA4MQ==&mid=2453462794&idx=1&sn=d7bce2fabd60ed0879e86d592b2133e4&chksm=87fb1c74b08c9562d4fe0f2b4c9f4c2f963972873960f28c0f774b48213a25a3105623892af0#rd,2025-02-11 00:00:27
马斯克：xAI 将发布超越 DeepSeek 的模型！,http://mp.weixin.qq.com/s?__biz=MzA4NzgzMjA4MQ==&mid=2453462710&idx=1&sn=1145fe216d1aac4d823fdb9ea0257f3e&chksm=87fb1dc8b08c94dea30f055a10e3529a9a0a68053ad22c4b0ea7492680978a6f2427beaf6119#rd,2025-02-10 00:05:59
OpenAI Deep Research上线：人类研究员失业倒计时？,http://mp.weixin.qq.com/s?__biz=MzA4NzgzMjA4MQ==&mid=2453462296&idx=1&sn=e598046a73a5931907108201a822e9a7&chksm=87fb1e66b08c97704fc051b505851b2071c74a9bf62759af4251b7810c0a01baff4869d842d1#rd,2025-02-03 12:42:47
指责DeepSeek 的OpenAI 们才是真正的賊！,http://mp.weixin.qq.com/s?__biz=MzA4NzgzMjA4MQ==&mid=2453462211&idx=1&sn=1fda1cd154580161f3fe6043d9aa5402&chksm=87fb1fbdb08c96ab1df1b64afb49b6330637324d2a938fcc260d18891e96f3b498777e5d44c4#rd,2025-02-02 02:34:40
美分析机构称DeepSeek V3 成本远超600 万美元，实际达13亿美元！,http://mp.weixin.qq.com/s?__biz=MzA4NzgzMjA4MQ==&mid=2453462129&idx=1&sn=a10411833926a8fb4783c953654678e1&chksm=87fb1f0fb08c96190a251fd2d397f83a1de50f5e419134b0e6c016a59bd396a281f186da62f5#rd,2025-02-01 02:02:54
Stable Diffusion 创始人：DeepSeek 没有抄袭！,http://mp.weixin.qq.com/s?__biz=MzA4NzgzMjA4MQ==&mid=2453462050&idx=1&sn=7897dc4a3eede63dedf5e4c96fd46fc5&chksm=87fb1f5cb08c964a6bbd2db5170b5fda3367fa3b85002af35bcf653c38436254f95918d351a0#rd,2025-01-31 10:15:15
OpenAI 称有证据证明DeepSeek违规使用其模型！,http://mp.weixin.qq.com/s?__biz=MzA4NzgzMjA4MQ==&mid=2453461965&idx=1&sn=9b55ac4e452d650c58a4987d90d3ac1a&chksm=87fb18b3b08c91a51b2ee81a0a0c87ac792457f0f953c5748aae36a4e9dcef00b749e785b544#rd,2025-01-30 00:45:51
试用完 OpenAI 的新代理工具，以下是我们的发现,http://mp.weixin.qq.com/s?__biz=MzA4NzgzMjA4MQ==&mid=2453461530&idx=1&sn=b12ec0e1c5c5e795453b9787a0568998&chksm=87fb1964b08c90727e86b01c35ebabd4aebb754b08b484f7443b5a516597a5b561666952e9b5#rd,2025-01-24 09:03:48
Anthropic 在Claude API 新增Citations功能，引用精确度提升15%！,http://mp.weixin.qq.com/s?__biz=MzA4NzgzMjA4MQ==&mid=2453461530&idx=2&sn=ed14f1f4b513191cd57e76e8c2939368&chksm=87fb1964b08c90729231edf59bc5f12feac4e2ca72386394b5456711f4778581ec40653083e5#rd,2025-01-24 09:03:48
重磅！字节发布UI-TARS大模型，三句话搞定电脑操作！碾压GPT-4！,http://mp.weixin.qq.com/s?__biz=MzA4NzgzMjA4MQ==&mid=2453461446&idx=1&sn=93f6022b8985acf69d3da8964e669c82&chksm=87fb1ab8b08c93ae1e542d1df46bfebbf9e1f7b90825c23bb16e879c5a8704727ccc6c82bc24#rd,2025-01-23 00:20:12
Perplexity发布Sonar API，提供实时信息搜索功能，一举超越所有搜索引擎和LLM！,http://mp.weixin.qq.com/s?__biz=MzA4NzgzMjA4MQ==&mid=2453461446&idx=2&sn=2d3121b34bbb428ecd8576b646704ed2&chksm=87fb1ab8b08c93aed50d3afa4d728c41142ec410c92f30c8a26c28786046556e6cdf083e57a4#rd,2025-01-23 00:20:12
以小博大，DeepSeek-R1-Distill-Qwen-1.5B 开源模型击败GPT-4和Claude 3.5!,http://mp.weixin.qq.com/s?__biz=MzA4NzgzMjA4MQ==&mid=2453461158&idx=1&sn=84c1d2c51689c1f246bd0b33eb290c3b&chksm=87fb1bd8b08c92cedb0d2f7bf26e83bd77662b92982418556c635206020131e7c36deb51c1db#rd,2025-01-21 09:09:06
爬虫工程师将失业！Firecrawl 能让你一句话抓取全网数据！,http://mp.weixin.qq.com/s?__biz=MzA4NzgzMjA4MQ==&mid=2453461158&idx=2&sn=a6c9026e37c95f6c9c142e202f5f6b05&chksm=87fb1bd8b08c92ce38026332be086e2c98299ba22ed98948111fcd12b5b08b6f49aeb0e5fd78#rd,2025-01-21 09:09:06
重磅！OpenAI「Operator」获突破，Altman将于1月30日向美国政府汇报,http://mp.weixin.qq.com/s?__biz=MzA4NzgzMjA4MQ==&mid=2453460996&idx=1&sn=fec62c26e0de1f82d0d7a64f41e5fe0e&chksm=87fb1b7ab08c926ccdf4b8461f14cf8f6f71c778913ef68f3c7dc9a3f3712df8cc7d3d311d76#rd,2025-01-20 09:02:08
疯狂！17岁少年Claude直播，用36小时造出核聚变反应堆！​,http://mp.weixin.qq.com/s?__biz=MzA4NzgzMjA4MQ==&mid=2453460996&idx=2&sn=c95e3afa6949b07aaaaadd958f11cb77&chksm=87fb1b7ab08c926c7fa72a72a6cdf5dad10cdeb194166a9dbf9fa1cbf2c3af2f84bef038a5b2#rd,2025-01-20 09:02:08
重磅！Windsurf重大更新：代码编辑器也有「实时搜索」和「长期记忆」了,http://mp.weixin.qq.com/s?__biz=MzA4NzgzMjA4MQ==&mid=2453460930&idx=1&sn=de855ddfaef9fd0904f069e378530053&chksm=87fb14bcb08c9daa31cdf36dcb4ab262fd94360b1312b294d42fae2eef33df6600d2d7a90c2a#rd,2025-01-19 01:45:50
Sam Altman：即便AI将带来人类灭绝，我们也先造了再说！,http://mp.weixin.qq.com/s?__biz=MzA4NzgzMjA4MQ==&mid=2453460460&idx=1&sn=c0dc06e5bf1b3e169db88e565208a72e&chksm=87fb1692b08c9f84d4c67a8f0301d1c54a7c1d72236b663989af1b0da3c8faa86a0b70bf9e81#rd,2025-01-12 00:32:19
o3还未发布，Sam Altman却已经预测了它的「命运」！,http://mp.weixin.qq.com/s?__biz=MzA4NzgzMjA4MQ==&mid=2453460460&idx=2&sn=87aba166295544ad5db3ff24750ca9fe&chksm=87fb1692b08c9f8417e58edaf52d8bc419e30a9556b4921cc16eedfd6b6ea97f8946a7e73e29#rd,2025-01-12 00:32:19
突发，AI 音乐Suno 被马斯克封号！,http://mp.weixin.qq.com/s?__biz=MzA4NzgzMjA4MQ==&mid=2453460420&idx=1&sn=97480db611be63c08ef47b9e95d57a33&chksm=87fb16bab08c9fac7dbec8b7c46034e3dc9160728ea6481ca2a4178d5efd15fa21641feb66c5#rd,2025-01-11 12:08:39
重磅！Salesforce宣布停止招聘软件工程师，因为AI将生产力提升了30%,http://mp.weixin.qq.com/s?__biz=MzA4NzgzMjA4MQ==&mid=2453460359&idx=1&sn=915f6a926e9e897f8e9f6009be51351d&chksm=87fb16f9b08c9fef49173f5b342e17404267248d29f130ce063de9faed1d5ee2ab5bfc53aea4#rd,2025-01-10 00:21:20
Groq创始人：计算成本降低1000倍将带动AI支出增长100倍,http://mp.weixin.qq.com/s?__biz=MzA4NzgzMjA4MQ==&mid=2453460328&idx=1&sn=7af628b559681a6e8f6aa2974c87028c&chksm=87fb1616b08c9f00df2f90aea7404fc423ca0e2ccac26967c98205065e77dceec44d7627b957#rd,2025-01-09 00:50:10
英伟达将用合成数据碾压特斯拉FSD？,http://mp.weixin.qq.com/s?__biz=MzA4NzgzMjA4MQ==&mid=2453460293&idx=1&sn=55be65e97ed77cfad506be2e115eea5c&chksm=87fb163bb08c9f2d46f2d6dac382fba543b4539a56490f0f6dd42824c08aa994cc76c409156d#rd,2025-01-08 00:21:23
英伟达5090 曝光！32GB显存，下个月亮相！,http://mp.weixin.qq.com/s?__biz=MzA4NzgzMjA4MQ==&mid=2453459857&idx=1&sn=b548f76eb301180744ce394d45bb7e62&chksm=87fb10efb08c99f94078aa8e7e1a2372bc20c26e9a6ed6632e3dc2c82d03fa3bacb29824e963#rd,2024-12-28 22:53:08
英伟达重磅推出「圣诞礼物」：新一代GB300,http://mp.weixin.qq.com/s?__biz=MzA4NzgzMjA4MQ==&mid=2453459810&idx=1&sn=0cd56691d63446a57b1327c99aa7d4f1&chksm=87fb101cb08c990a274f773c3201d9d514350d5f7d5f4ece7f950a3882e8a9bde4b3cd936156#rd,2024-12-26 08:51:01
一招将模型推理能力暴拉12%，开源版o3 指日可待？！,http://mp.weixin.qq.com/s?__biz=MzA4NzgzMjA4MQ==&mid=2453459797&idx=1&sn=c85abb210a99e5ef001a847e6a21b6cd&chksm=87fb102bb08c993da20e8c15def1a2e0748e6e1f3dda6ccd0f58692e0c0965b7a52e77dcdd3b#rd,2024-12-24 21:42:14
OpenAI o3模型这次真的让人惊喜了！,http://mp.weixin.qq.com/s?__biz=MzA4NzgzMjA4MQ==&mid=2453459761&idx=1&sn=d6fed4c826c0389462a44116d5c36baa&chksm=87fb104fb08c9959939f28fda37c9dfaaae04aca80285297d537cd77adbbfd39c328125d4316#rd,2024-12-21 10:39:09
英伟达推出249美元的「AI版的树莓派」，可离线运行大模型！,http://mp.weixin.qq.com/s?__biz=MzA4NzgzMjA4MQ==&mid=2453459735&idx=1&sn=47d721cebd6b485f8504bc37c0a46a75&chksm=87fb1069b08c997fc52ca46144b7f7b6771ae7ab84762f410ef978aaeb622b70d335eba00297#rd,2024-12-19 12:46:40
OpenAI突发大规模宕机！马斯克送上无情嘲笑,http://mp.weixin.qq.com/s?__biz=MzA4NzgzMjA4MQ==&mid=2453459071&idx=1&sn=885b52f8d78257d0ab55b73301ec3ae1&chksm=87fb1301b08c9a17046b6df58ca3740449003bcf7596f94041fd61289a514aaaed34ba926786#rd,2024-12-12 14:01:48
OpenAI：我们已经实现了AGI！,http://mp.weixin.qq.com/s?__biz=MzA4NzgzMjA4MQ==&mid=2453458776&idx=1&sn=2f1e3de17531b03d4e7326b6527586c4&chksm=87fb0c26b08c8530359ba9790f16c29e33d193787c3daae3dc37051a3ae2827ab89c2b12bbda#rd,2024-12-08 00:06:42
刚刚，Meta发布70B版Llama 3.3，性能匹敌405B巨兽！,http://mp.weixin.qq.com/s?__biz=MzA4NzgzMjA4MQ==&mid=2453458709&idx=1&sn=b9fb38511e535836b27f431ce2a59a18&chksm=87fb0c6bb08c857d16b406c6510c92bb7e377232cd12e226b099340fa229e722870a90ab4149#rd,2024-12-07 19:21:25
刚刚，谷歌偷偷上线了Gemini 2.0！,http://mp.weixin.qq.com/s?__biz=MzA4NzgzMjA4MQ==&mid=2453458615&idx=1&sn=f0db9210ef064f0e85b495055e097448&chksm=87fb0dc9b08c84dfe03e81a1fa00cbeaeb866c562ac211b625459434b551b8c575f0b8b964a4#rd,2024-12-06 00:10:20
苹果设计团队翻车！700人操刀的表情包就这？,http://mp.weixin.qq.com/s?__biz=MzA4NzgzMjA4MQ==&mid=2453458559&idx=1&sn=ce177f0cea579e0b0dc2dc476d448b49&chksm=87fb0d01b08c8417d99940d91fda1ab0ca5df18317e87382ec298929ebb30790fc8b60886f9e#rd,2024-12-05 09:07:41
马斯克：人类文明只是宇宙的一瞬，我们必须成为多星球物种！,http://mp.weixin.qq.com/s?__biz=MzA4NzgzMjA4MQ==&mid=2453457947&idx=1&sn=0a7177a5fad52b1f76938f74a70764b5&chksm=87fb0f65b08c86737da4f2259b69f22a4295954cb659d71aaade2d12d65c250e040c781cd136#rd,2024-11-26 00:55:49
OpenAI 翻车，Whisper也会产生幻觉！,http://mp.weixin.qq.com/s?__biz=MzA4NzgzMjA4MQ==&mid=2453457947&idx=2&sn=fe3d94de9006a110ee08d2488f44f866&chksm=87fb0f65b08c8673a129eecd24319747499b874f5cf463250775d4e090d442b00b758aa6a44e#rd,2024-11-26 00:55:49
再也不能相信ChatGPT 写的代码了！,http://mp.weixin.qq.com/s?__biz=MzA4NzgzMjA4MQ==&mid=2453457791&idx=1&sn=57fb24f11baf9fe9b6be048f4d6bcbfe&chksm=87fb0801b08c8117fa142c1fa4ca708fdfda69ffef08d99bd6502cc91ebb9ac9c14df0ddda5c#rd,2024-11-24 23:55:21
你知道吗？Qwen2VL可以一键重标注百万图片数据集,http://mp.weixin.qq.com/s?__biz=MzA4NzgzMjA4MQ==&mid=2453457791&idx=2&sn=017c07d7f0bd05846488da0cc0e46e32&chksm=87fb0801b08c8117d71304d1765f5644ccf499731f19baa453db02b5f4a0154319a3a56eea1e#rd,2024-11-24 23:55:21
星际穿越TARS 开源！你也能拥有一个AI机器人了！,http://mp.weixin.qq.com/s?__biz=MzA4NzgzMjA4MQ==&mid=2453457790&idx=1&sn=dfb6950c58a22ee93115010721675753&chksm=87fb0800b08c8116be26cce2db0ca920546ffe36e0422b626d042c9c84755873b1e128fef1c4#rd,2024-11-24 23:54:09
小心，你正在被AI 进行职场监控！,http://mp.weixin.qq.com/s?__biz=MzA4NzgzMjA4MQ==&mid=2453457790&idx=2&sn=b6771bb095e1bf375c1998e71a0f6ae4&chksm=87fb0800b08c8116a6bcdcd7e0b4891cdce83d79060f39eed4de4045a076c30b200612ced169#rd,2024-11-24 23:54:09
重磅！全球首个去中心化10B模型训练完成，一周内开源！,http://mp.weixin.qq.com/s?__biz=MzA4NzgzMjA4MQ==&mid=2453457656&idx=1&sn=5e1182af2a08c56baa0bfad449f5eeb2&chksm=87fb0986b08c809089a4ad60be60fd30c1f706c34617fa4e08cfa7c1d598c1511802bbb29600#rd,2024-11-23 00:40:41
亚马逊再砸40亿美元，Anthropic要用AWS芯片训练下一代AI,http://mp.weixin.qq.com/s?__biz=MzA4NzgzMjA4MQ==&mid=2453457656&idx=2&sn=beda79cfd2ab5073c315381ef45f6209&chksm=87fb0986b08c8090aba83c7911eb9f9ed645e4c2d2d6ad1e04437673fe702a67a404542797af#rd,2024-11-23 00:40:41
Sam Altman谈OpenAI转型为营利公司的真相,http://mp.weixin.qq.com/s?__biz=MzA4NzgzMjA4MQ==&mid=2453457514&idx=1&sn=02b0cea39acae53a942cd3f8538a7ac8&chksm=87fb0914b08c80024a66762846f7b038804f939096d9d086bad52807b1d9dd11455973c15520#rd,2024-11-22 00:02:03
字节跳动开源SeedEdit：「用嘴PS」成为现实！,http://mp.weixin.qq.com/s?__biz=MzA4NzgzMjA4MQ==&mid=2453457514&idx=2&sn=887d851d806cff4c7d212a7a8b688adf&chksm=87fb0914b08c8002b1a079e51fd6d7d3a527b813ee9cf841d711149437338a6bf3c122cb8425#rd,2024-11-22 00:02:03
走近科学之，17岁高中生的“神级Prompt”,http://mp.weixin.qq.com/s?__biz=MzA4NzgzMjA4MQ==&mid=2453456950&idx=1&sn=febcdc2c21252e1c690cb96b930edb92&chksm=87fb0b48b08c825eda075c7b6c250bc9f42a132f1968f68a508e6d607b8224006e050475b7e6#rd,2024-11-16 13:01:33
来了！ChatGPT 推出桌面级编程助手！,http://mp.weixin.qq.com/s?__biz=MzA4NzgzMjA4MQ==&mid=2453456410&idx=1&sn=4219644f8f8fbaa5b01f4b62fe89e94c&chksm=87fb0564b08c8c7264d0c2628acb5475e7a2d560e984f60b2e1ff675e304b49bc2f4e3cab451#rd,2024-11-15 08:53:08
Anthropic推出Claude 智能改进器，「一键优化」你的AI提示词！,http://mp.weixin.qq.com/s?__biz=MzA4NzgzMjA4MQ==&mid=2453456410&idx=2&sn=dca134aa86227bb89e87028c65147474&chksm=87fb0564b08c8c721b6fcea09e808cab4fceb0e2a608ce9314fb731cf800d929a4d3b85ee14e#rd,2024-11-15 08:53:08
LeCun被指剽窃！Marcus怒斥：我要告你！,http://mp.weixin.qq.com/s?__biz=MzA4NzgzMjA4MQ==&mid=2453456285&idx=1&sn=9089e9c12d6f1166e15f9bf8a3061f87&chksm=87fb06e3b08c8ff598a3db10524b1e9bd86a43d68bacd49467f4c0bad4427fb5fa4691b346ba#rd,2024-11-14 00:30:37
Sam Altman的Worldcoin：用眼睛换币，84%人亏损！,http://mp.weixin.qq.com/s?__biz=MzA4NzgzMjA4MQ==&mid=2453456238&idx=1&sn=8cfd6ff9075b9aa2932ed9f115243121&chksm=87fb0610b08c8f06acc432b0f14ab71364e10876a089a6c9bbae5f6f306d75c430b4a7e6b917#rd,2024-11-13 01:30:12
重磅！OpenAI前CTO Murati新团队初具规模！挖角OpenAI成功？,http://mp.weixin.qq.com/s?__biz=MzA4NzgzMjA4MQ==&mid=2453456238&idx=2&sn=d53b5887bda38e0ed4fbc0d2bda054ef&chksm=87fb0610b08c8f06bfcd00426053dc6c8779731f014fa23b1a551e8fe03c9dce86ac92ed7fbf#rd,2024-11-13 01:30:12
MobA：让AI 真正学会使用手机！,http://mp.weixin.qq.com/s?__biz=MzA4NzgzMjA4MQ==&mid=2453456122&idx=1&sn=47f2249552cd5ff2ee96a3612d3538cd&chksm=87fb0784b08c8e9277716aa1b1df9bec62a586e5b32251987b3b18ab6f37a59d51e2ae7cda7a#rd,2024-11-12 00:24:37
译：后AGI 时代的工作、文化、社会革命,http://mp.weixin.qq.com/s?__biz=MzA4NzgzMjA4MQ==&mid=2453456122&idx=2&sn=58df9eae85bc6c478daaf470af99331f&chksm=87fb0784b08c8e92c98f22990ab6dfce3b3fe40011e7e04e4d5d243ddfd4f4f00e5811c748a9#rd,2024-11-12 00:24:37
重磅！腾讯「混元」亮剑，超越Llama 3.1？,http://mp.weixin.qq.com/s?__biz=MzA4NzgzMjA4MQ==&mid=2453455555&idx=1&sn=bb0cd6e1e1e878b6a1583cd0f5756ca4&chksm=87fb01bdb08c88ab86a48f1ef106f4830288853e28d6853a6f368fdfa7dbd32a930c98cdca86#rd,2024-11-05 23:39:44
刚刚，OpenAI推出「预测输出」，将模型提速4倍！,http://mp.weixin.qq.com/s?__biz=MzA4NzgzMjA4MQ==&mid=2453455555&idx=2&sn=7d4ea6ebb6b3b0eab6a958597355af97&chksm=87fb01bdb08c88ab29c8a5b121c19898644ffe9e616f46cb1c84a9b29798db33c37ae14f3879#rd,2024-11-05 23:39:44
刚刚，X.AI开放Grok API，马斯克每月送你25美元额度！,http://mp.weixin.qq.com/s?__biz=MzA4NzgzMjA4MQ==&mid=2453455420&idx=1&sn=c436737f3113c61de409879c1398fee4&chksm=87fb0142b08c885461ad292548f90c1bff80bfb95aceaf1a9f220502cfe5e02afe8a062e648e#rd,2024-11-05 00:00:32
别傻了，AI并不能让你一夜暴富！,http://mp.weixin.qq.com/s?__biz=MzA4NzgzMjA4MQ==&mid=2453455420&idx=2&sn=af7c05f6271964bd16f56bc806e84557&chksm=87fb0142b08c88542f1e44e7503c0fa59a8f8007cf21e7906d32f935a452d89faf772993c2ae#rd,2024-11-05 00:00:32
Cursor 开发者的「自定义prompt」曝光,http://mp.weixin.qq.com/s?__biz=MzA4NzgzMjA4MQ==&mid=2453455420&idx=3&sn=5367cd9949f5578c77d02572b0e006e2&chksm=87fb0142b08c8854cea708521eb8073ea5ca2059155c73927869d0f5ed9ef87da482e3115030#rd,2024-11-05 00:00:32
扎克伯格决定用AI来「污染」社交网络！,http://mp.weixin.qq.com/s?__biz=MzA4NzgzMjA4MQ==&mid=2453455300&idx=1&sn=ab42540868806829cecd2010c730c99a&chksm=87fb02bab08c8bace64fb764106c087b1882d42bc5e096128f699f2d21b086aae129848d1539#rd,2024-11-04 00:54:35
Ilya Sutskever：实现AGI需要一具身体吗？,http://mp.weixin.qq.com/s?__biz=MzA4NzgzMjA4MQ==&mid=2453455300&idx=2&sn=0125f3dd4fb4dc5a203f5cc93eaa79a9&chksm=87fb02bab08c8bac57466bf2e46c6c3f91e916a50d84f3e7cd2ec89d4c7c9ff5efca63f11411#rd,2024-11-04 00:54:35
OpenAI o1意外现身，全新功能曝光！,http://mp.weixin.qq.com/s?__biz=MzA4NzgzMjA4MQ==&mid=2453455209&idx=1&sn=6293e80a1c14ed00ee6f9d12243f6696&chksm=87fb0217b08c8b01bd7d42de463befd015d3a4b237361c7569502d1d14e051b692b04c008f1a#rd,2024-11-03 01:21:48
惊！00后不懂用AI的原因，居然是训练数据主要来自90前,http://mp.weixin.qq.com/s?__biz=MzA4NzgzMjA4MQ==&mid=2453455209&idx=2&sn=c3898571ba3fb6eb2285f6ab9cf3287d&chksm=87fb0217b08c8b011acdc35fccea4500bde0522ca2a6eae302cf958b8f2dfbbfa674a489088a#rd,2024-11-03 01:21:48
沉默的SSI：Ilya Sutskever的「超级智能」计划去哪了？,http://mp.weixin.qq.com/s?__biz=MzA4NzgzMjA4MQ==&mid=2453455062&idx=1&sn=7d15aed7a23290235cc43a850a0698fa&chksm=87fb03a8b08c8abe01944a1887d72ce237b51314e854dfcb7ce1652e81082d95798af5907f1d#rd,2024-11-02 00:51:12
Meta全面出击：谷歌帝国危在旦夕？,http://mp.weixin.qq.com/s?__biz=MzA4NzgzMjA4MQ==&mid=2453455062&idx=2&sn=f4554cc9ef27145b1030905757c8ee32&chksm=87fb03a8b08c8abec874fbb72b831d3296e7590968d295d36c66ccf3d7c922e77cb46c9bb7c5#rd,2024-11-02 00:51:12
Yann LeCun 飞往印度站台！三哥AI 要起飞？,http://mp.weixin.qq.com/s?__biz=MzA4NzgzMjA4MQ==&mid=2453453999&idx=1&sn=cea6fad2ab9038dc74992579206b1402&chksm=87fb7fd1b08cf6c7ca343f4feafb016b6f842d015429ee46df0d46e2bc8d0f76af83f5ced24f#rd,2024-10-27 00:11:52
Sam Altman：OpenAI不止于AGI，目标锁定超级智能,http://mp.weixin.qq.com/s?__biz=MzA4NzgzMjA4MQ==&mid=2453453897&idx=1&sn=17861a0f64f44048613b9f67ac494ae6&chksm=87fb7f37b08cf62162b15ff4efd5d4f6d36dfa975db116f5659820f88ca4f0f3bb8c7d400c2d#rd,2024-10-26 00:18:32
OmniParser：微软新UI解析器完胜GPT-4V，已经开源！,http://mp.weixin.qq.com/s?__biz=MzA4NzgzMjA4MQ==&mid=2453453897&idx=2&sn=2064a7736fc995ccd4055fddc8955b71&chksm=87fb7f37b08cf6218a156f9efa46de1756b8e61059fe835030f050911ded31d3e5876bd07b23#rd,2024-10-26 00:18:32
验证码不存在了？Claude机器人轻松完成验证,http://mp.weixin.qq.com/s?__biz=MzA4NzgzMjA4MQ==&mid=2453453806&idx=1&sn=d1855f1006059c74435e88831dde5692&chksm=87fb7890b08cf18648de7fc5da740e2b4f91ecdd1f4c35fed2b7fa915c3b3432e9a523111a9e#rd,2024-10-24 23:48:39
Yann LeCun炮轰诺奖AI项目：「完全无用」,http://mp.weixin.qq.com/s?__biz=MzA4NzgzMjA4MQ==&mid=2453453806&idx=2&sn=ddb061220a14b5d042014ff611ca93aa&chksm=87fb7890b08cf1862eb28c984b627f079eb60573770ce6ef55c76f4c74cee46dc4769d11683e#rd,2024-10-24 23:48:39
14岁少年因沉迷AI聊天而自杀，其母将Character.AI告上法庭,http://mp.weixin.qq.com/s?__biz=MzA4NzgzMjA4MQ==&mid=2453453696&idx=1&sn=6878bcfac57e3ffd8db5f380f5da28cd&chksm=87fb78feb08cf1e80b70bc2997568b3e93e5e343a68e5138b13cf9cb0b40978adf50fcee16bc#rd,2024-10-24 01:01:24
刚刚，Claude 3.5学会用电脑了！,http://mp.weixin.qq.com/s?__biz=MzA4NzgzMjA4MQ==&mid=2453453588&idx=1&sn=326b1f68999117768c1ec70a019bf000&chksm=87fb786ab08cf17c9394419fd43fa762de58484936d3cd8d7736981a55c500862fa54106442d#rd,2024-10-23 00:04:48
核能大潮袭来！人工智能巨头押注电力,http://mp.weixin.qq.com/s?__biz=MzA4NzgzMjA4MQ==&mid=2453453588&idx=2&sn=046fb77a1e8d1ae04c7b6b1abc4d900e&chksm=87fb786ab08cf17c17fe68b63a2b959b82b74f380dd758682504617f768cdf7020662b433c1c#rd,2024-10-23 00:04:48
Andrej Karpathy：1B参数模型足矣！,http://mp.weixin.qq.com/s?__biz=MzA4NzgzMjA4MQ==&mid=2453453107&idx=1&sn=368e8e799040d31863d9f598f6ea5377&chksm=87fb7a4db08cf35ba728a4180f551d3617a1161e1b5f9a9b55c35946f8f7b6682f811de50fd6#rd,2024-10-16 23:46:32
AI能理解颜色吗？——将色彩进行嵌入的研究,http://mp.weixin.qq.com/s?__biz=MzA4NzgzMjA4MQ==&mid=2453453107&idx=2&sn=0cc1271eb49712d11293c8b8fdee4196&chksm=87fb7a4db08cf35beaa0ee2ff0becda3779ad4ad92300b47a6a443777a9c501d8fff5a5f3a2e#rd,2024-10-16 23:46:32
OpenAI O1：正用AI加速AI的研发,http://mp.weixin.qq.com/s?__biz=MzA4NzgzMjA4MQ==&mid=2453452967&idx=1&sn=ad85c75930fe147c314f6778efc07b64&chksm=87fb7bd9b08cf2cf06b40bcab52d42b447e1eb15d35b9036ee80a78132866ad9bbd5c7b19fe7#rd,2024-10-15 23:27:48
普林斯顿大学：限制AI访问将带来负面影响。LeCun：开源终将胜利！,http://mp.weixin.qq.com/s?__biz=MzA4NzgzMjA4MQ==&mid=2453452967&idx=2&sn=8a05a4aecff475ac307d9cf6be787a96&chksm=87fb7bd9b08cf2cf4f37021a1082e05c999cb02b7f50793989fff24d23b74636f73e84555dd3#rd,2024-10-15 23:27:48
AlphaCodium突破o1瓶颈：让AI代码生成更接近人类思维,http://mp.weixin.qq.com/s?__biz=MzA4NzgzMjA4MQ==&mid=2453452877&idx=1&sn=1d630d57a1f772e82e6a03d637cecf2a&chksm=87fb7b33b08cf225987e40cd13b43b3cc454d3dd192fac74fe0ffeda9bfa25f0baf1ba2823ab#rd,2024-10-15 08:30:11
OpenAI将推出新模型对抗Anthropic！不是GPT-5,http://mp.weixin.qq.com/s?__biz=MzA4NzgzMjA4MQ==&mid=2453452722&idx=1&sn=2ab5459fcbd8a42383d79c706bf5e6a6&chksm=87fb74ccb08cfddae9f29f10253e3e05c461c409692723cbfd9f3cb81bd31be4aaa4911faefd#rd,2024-10-14 00:01:54
Glean：从OpenAI禁投黑名单到46亿美元估值,http://mp.weixin.qq.com/s?__biz=MzA4NzgzMjA4MQ==&mid=2453452722&idx=2&sn=be3dad172bf72e8fa3049f75eefdc1c6&chksm=87fb74ccb08cfdda5d3fb66e315f27742b1314c608692805736ddf64580e77681d8554d0f150#rd,2024-10-14 00:01:54
OpenAI遭惊天剽窃指控！,http://mp.weixin.qq.com/s?__biz=MzA4NzgzMjA4MQ==&mid=2453452652&idx=1&sn=11eaa6506253a4a6882c4f5ffe184567&chksm=87fb7412b08cfd042452c7bac7e28cd378a614c20b5eb9465b4ed50244d89489c29847fb8145#rd,2024-10-13 00:05:33
Open o1：开源版o1 来了！,http://mp.weixin.qq.com/s?__biz=MzA4NzgzMjA4MQ==&mid=2453451745&idx=1&sn=badd9759fd6ffde7ec2f93048f9483a7&chksm=87fb709fb08cf989b564554dbba0e6eadda04bb52af187342d343d5b868ff25c0a0be041048c#rd,2024-10-06 23:19:16
PyMuPDF4LLM：多模态PDF 解析神器！,http://mp.weixin.qq.com/s?__biz=MzA4NzgzMjA4MQ==&mid=2453451745&idx=2&sn=5c7c77e0d6d12ed8731f383a66d602df&chksm=87fb709fb08cf989b2a7c19a4b23bc7ac70b2ba2b965efde61ff0428758becec52195ac1727d#rd,2024-10-06 23:19:16
重磅！Rev发布Whisper终结者：Reverb ASR,http://mp.weixin.qq.com/s?__biz=MzA4NzgzMjA4MQ==&mid=2453451628&idx=1&sn=c58b53ff20aedc016757170c1f825e84&chksm=87fb7012b08cf904ee314495b50775cd52cc501d71ec63f1391cfab043f44c20c37e78ad1d5b#rd,2024-10-06 00:30:32
store=True，OpenAI正打造全链路AI开发平台！,http://mp.weixin.qq.com/s?__biz=MzA4NzgzMjA4MQ==&mid=2453451628&idx=2&sn=08e412c7ec11bdb5c1ba9f45541fdf94&chksm=87fb7012b08cf904cb008cf75cf8706730daafb816302712d1dbd8a1e5e9c54e406bc0861faa#rd,2024-10-06 00:30:32
OpenAI爆料！GPT-5参数将达17万亿，GPT-6规模增加百倍,http://mp.weixin.qq.com/s?__biz=MzA4NzgzMjA4MQ==&mid=2453451528&idx=1&sn=d9835cca31cade0e37c4422669d121e4&chksm=87fb7076b08cf960c7706432ebc8998cf7207cd065fff1b9434bb162979c313185d41039a70a#rd,2024-10-05 00:59:07
打工人正用“ChatGPT们”偷偷改变职场规则,http://mp.weixin.qq.com/s?__biz=MzA4NzgzMjA4MQ==&mid=2453451528&idx=2&sn=a044b05703ef524b200cebf07dd44a57&chksm=87fb7076b08cf960cfc6ec79e24cb1ebaee9e7fc46f0bf11da5d816b255180da7c83709786e1#rd,2024-10-05 00:59:07
ChatGPT推出Canvas：人机协作的未来！,http://mp.weixin.qq.com/s?__biz=MzA4NzgzMjA4MQ==&mid=2453451415&idx=1&sn=abcce591e34add33334228227eddb9fb&chksm=87fb71e9b08cf8fff44955bfdbb3c2e4bbf5135b64af8cbe18492eb18e5ac578957f06773661#rd,2024-10-04 02:02:01
重磅！Rev发布Whisper终结者Reverb ASR,http://mp.weixin.qq.com/s?__biz=MzA4NzgzMjA4MQ==&mid=2453451415&idx=2&sn=231716ee1a01407d9421556e7ef96e93&chksm=87fb71e9b08cf8ff97fb4748411b310ba76932719ad7e8aac4debccc47918f05c7698abcb036#rd,2024-10-04 02:02:01
OpenAI：GPT-4将颠覆自动驾驶！特斯拉FSD 完败？,http://mp.weixin.qq.com/s?__biz=MzA4NzgzMjA4MQ==&mid=2453451202&idx=1&sn=c2151477035d1c453069dd1fc661fd6e&chksm=87fb72bcb08cfbaaa2699d996031b4b805c2864986e57feb1b00899fce7bcee4504a910f1c6c#rd,2024-10-02 22:50:20
Yann LeCun: 人类智能并非通用智能！,http://mp.weixin.qq.com/s?__biz=MzA4NzgzMjA4MQ==&mid=2453451202&idx=2&sn=cfb0c81c602cb09ab41a11ca6d8e4ae1&chksm=87fb72bcb08cfbaa159420119fa5f44c87860096f81add59464838b1fe99fdd4f18d9deab3db#rd,2024-10-02 22:50:20
苹果传奇设计师Jony Ive 联手奥特曼，将打造一款颠覆iPhone的AI设备？！,http://mp.weixin.qq.com/s?__biz=MzA4NzgzMjA4MQ==&mid=2453450658&idx=1&sn=25d7107b3e2a96ed9ebccd63b2568da8&chksm=87fb6cdcb08ce5ca85eb2ab8ac2615ebf5e1241e8996c93d12c53655b5f4918205c1ccc26842#rd,2024-09-26 00:01:10
OpenAI语音大升级并全量放开！,http://mp.weixin.qq.com/s?__biz=MzA4NzgzMjA4MQ==&mid=2453450628&idx=1&sn=b437e062983f7111e8346d5c69b5752c&chksm=87fb6cfab08ce5ec1992b47289c545f2cf033f28879ef8b042e5a9ec6f9d00c343789940781c#rd,2024-09-25 08:36:16
谷歌发布更新！Gemini 1.5狂降50%，可处理1000页文档,http://mp.weixin.qq.com/s?__biz=MzA4NzgzMjA4MQ==&mid=2453450628&idx=2&sn=3e100cec704e6027710f9a378e5e7a8d&chksm=87fb6cfab08ce5ec7579d6db6b4f6b91910bc358a0fea144408c81beb55d20138b691009c7cf#rd,2024-09-25 08:36:16
微软：核电站 is all you need,http://mp.weixin.qq.com/s?__biz=MzA4NzgzMjA4MQ==&mid=2453450464&idx=1&sn=d468942ea460034bc9396c982340f26c&chksm=87fb6d9eb08ce48840d727ba2871d30ecd7cc12c1ec10c1803a1cff1da7107cc9ea5309961ab#rd,2024-09-23 23:27:43
"量子计算机将迎来其""ChatGPT时刻""？",http://mp.weixin.qq.com/s?__biz=MzA4NzgzMjA4MQ==&mid=2453450464&idx=2&sn=6c73a713be4a64a5284b8d3a670901ab&chksm=87fb6d9eb08ce488675627fbd0cf995251eac59ab8c28068fd0ce5b14410de2faebcc429caa3#rd,2024-09-23 23:27:43
通往AGI的8个可能方向,http://mp.weixin.qq.com/s?__biz=MzA4NzgzMjA4MQ==&mid=2453450373&idx=1&sn=80704b2cbc81bbdd62fa25ee986d53fc&chksm=87fb6dfbb08ce4ed24ddc9324959ed963a0b036e7ae160c2d99d0ed38284b01bbe6913ba5509#rd,2024-09-22 23:40:43
趣图：ChatGPT 如何理解「欢迎新老师生前来就餐」,http://mp.weixin.qq.com/s?__biz=MzA4NzgzMjA4MQ==&mid=2453450373&idx=2&sn=07aa2b4b027b7be1536b74a303d4b7a4&chksm=87fb6dfbb08ce4ed5cf95110ecad33cdca8666620d23be021da03a302cdee62351206d6b5ebd#rd,2024-09-22 23:40:43
节哀！StackOverflow 正在AI席卷下消亡,http://mp.weixin.qq.com/s?__biz=MzA4NzgzMjA4MQ==&mid=2453450333&idx=1&sn=501bd7892ba80e11f02997b073a4e397&chksm=87fb6d23b08ce435bc34ace95dddbe8e981065a5042ee7a5316490dcc448d284abb58da5cdd8#rd,2024-09-21 23:20:29
大模型数不对几个R，并非分词器惹的祸！,http://mp.weixin.qq.com/s?__biz=MzA4NzgzMjA4MQ==&mid=2453450333&idx=2&sn=510669b8791fbc05614d1bee5961544f&chksm=87fb6d23b08ce43554b20c5f177d2131d6d02b772f397c3418bc25bebcac88fcdc734ebafbaf#rd,2024-09-21 23:20:29
Karpathy：LLM 应更名为自回归模型,http://mp.weixin.qq.com/s?__biz=MzA4NzgzMjA4MQ==&mid=2453449929&idx=1&sn=b621d1ea4b77e2d38bae4f3399575604&chksm=87fb6fb7b08ce6a130f3243e24c5c5c97aa8284ec9b2ba185efa5b729278b7c31e8949d5c12a#rd,2024-09-15 23:16:49
从预测下一个词到有目的对话：LLM聊天机器人的进化之路,http://mp.weixin.qq.com/s?__biz=MzA4NzgzMjA4MQ==&mid=2453449929&idx=2&sn=249ffe95daa39294925905d3d79e2374&chksm=87fb6fb7b08ce6a177c10ba9eb7c23c57f57714756b376b431f32ea79d7b0948b205b114dbd4#rd,2024-09-15 23:16:49
GPT-o1：提示词工程已死！,http://mp.weixin.qq.com/s?__biz=MzA4NzgzMjA4MQ==&mid=2453449881&idx=1&sn=acaafc1fb8b8920b42f063953c8ee11a&chksm=87fb6fe7b08ce6f1cc750796443e5dc10956e1ec22f647811d150369b42519b9811904ebad79#rd,2024-09-14 23:01:16
AI快讯|OpenAI新模型离线IQ测试优异；智能不是单一统一量；OpenAI: 大型神经网络或具微弱意识；AI拟人化描述被批,http://mp.weixin.qq.com/s?__biz=MzA4NzgzMjA4MQ==&mid=2453449854&idx=1&sn=16438fbf3d5e4e99a873063d562025f9&chksm=87fb6f00b08ce6167ca7c9c81db94794ea2902030c4bf537b41dd3f3bcea59a7b4bad20232ac#rd,2024-09-14 08:40:44
AI快讯 | OpenAI发布模型o1；OpenAI发布模型o1；OpenAI发布模型o1；ChatGPT全员上线,http://mp.weixin.qq.com/s?__biz=MzA4NzgzMjA4MQ==&mid=2453449838&idx=1&sn=e33be43593405e7452fa46b2482efa5f&chksm=87fb6f10b08ce606ff9989570ad314bef7630ea12957cce03b6174b7abf423521b451c1d0b0e#rd,2024-09-13 09:48:54
AI快讯 | Mistral AI发布新模型；欧盟启动人工智能工厂计划；Meta 广告数据安全；Waymo安全性优于人类,http://mp.weixin.qq.com/s?__biz=MzA4NzgzMjA4MQ==&mid=2453449815&idx=1&sn=e323d9d8d69bb607987cb7f0dcc2a575&chksm=87fb6f29b08ce63fab26537a88bec8e237e695d0140ac983f7151f5ba2d3760cd584cd47dd21#rd,2024-09-12 01:01:33
韩国邀吴恩达搞AI战略，意图超中赶美？,http://mp.weixin.qq.com/s?__biz=MzA4NzgzMjA4MQ==&mid=2453448782&idx=1&sn=5293c218ce62f77a8de9b2ae1da0a69f&chksm=87fb6b30b08ce226f0bd92b382f4d5b15fc45e073e91567e6c6a7c825c67eef07de1eee30163#rd,2024-09-06 00:39:40
日本Sakana AI获硅谷1亿美元融资，黄仁勋也有份,http://mp.weixin.qq.com/s?__biz=MzA4NzgzMjA4MQ==&mid=2453448782&idx=2&sn=62aa10a49c089a687bd1ea414fd5af07&chksm=87fb6b30b08ce2261283513573585d5e3dd970f6ccd745bc9604e48dca0e98e08e5ad6dc44b1#rd,2024-09-06 00:39:40
AI快讯 | Ilya公司融资10亿美元；千问手写OCR准确率100%；AlphaFold3开源实现；开源混合专家模型OLMoE,http://mp.weixin.qq.com/s?__biz=MzA4NzgzMjA4MQ==&mid=2453448724&idx=1&sn=7d1a7adf1b8fbfd9349d57b36c35ec2c&chksm=87fb6b6ab08ce27c2bde235b523b06e42033ece16f338f607fad04164da72bb3ad6e29970922#rd,2024-09-05 15:45:05
10分钟部署AI呼叫中心？这家创业公司要让每个人都有自己的数字分身！,http://mp.weixin.qq.com/s?__biz=MzA4NzgzMjA4MQ==&mid=2453448514&idx=1&sn=75d43aaf03d987b772408863bb33bdc6&chksm=87fb643cb08ced2a78badbb6c15548199590f1438397123bdca0293515eeb86d8951cbea0013#rd,2024-09-04 01:17:11
科罗拉多大学教授手把手教你「正则化」大模型！,http://mp.weixin.qq.com/s?__biz=MzA4NzgzMjA4MQ==&mid=2453448514&idx=2&sn=341b55341ba6609b40c6a36f277a4fb4&chksm=87fb643cb08ced2a9efa8d86ce93db80a1c45fe6cba98ac0803d3af56904f6d0056a095840b5#rd,2024-09-04 01:17:11
牛津大学：模型训练就像养孩子！别教太多，难度适中是关键,http://mp.weixin.qq.com/s?__biz=MzA4NzgzMjA4MQ==&mid=2453448403&idx=1&sn=46aabc17214355fbd20793cd4722279d&chksm=87fb65adb08cecbbd3c4ef0b75b6d22230b15da79edd76abcc1bf47e48b9a4e51326094fd3e4#rd,2024-09-03 08:45:22
Perplexity推出Bird SQL：自然语言秒变SQL，高效查询推特内容,http://mp.weixin.qq.com/s?__biz=MzA4NzgzMjA4MQ==&mid=2453448249&idx=1&sn=bfa2a45ef4fcd0a69cf7544b1444ac02&chksm=87fb6547b08cec5195fdc92d966abdc912c27e5c3fef239cb8f974e9d47f4d5e19977276f128#rd,2024-09-01 23:31:56
贾扬清点赞！Lightning AI推出通用模型引擎LitServe：什么都好，除了慢,http://mp.weixin.qq.com/s?__biz=MzA4NzgzMjA4MQ==&mid=2453448249&idx=2&sn=d053bf678cd52333917edb64a42966ab&chksm=87fb6547b08cec51fcf165782be5f8082aef9f379e4a457d69583d8721ecd8025ee4f35c9c16#rd,2024-09-01 23:31:56
下一个GPT-5可能由百万网友共同打造,http://mp.weixin.qq.com/s?__biz=MzA4NzgzMjA4MQ==&mid=2453447696&idx=1&sn=8f055ed594bfd6681c8f195b01755c42&chksm=87fb676eb08cee781192919ede8443dee76bd158b3c9f24bdc49b4ff331dbc153a63587201e3#rd,2024-08-27 23:28:14
Andrej Karpathy 宣布：编程已被AI颠覆！,http://mp.weixin.qq.com/s?__biz=MzA4NzgzMjA4MQ==&mid=2453447501&idx=1&sn=d76d25fefc884b5bf645598938ad0a5c&chksm=87fb6033b08ce9254f207dcad0a1fcc8a896148c6a38aee49a6d4f5a44017f3f7e2a36e2e8e1#rd,2024-08-24 21:53:38
Google新方法JEST让AI训练提速13倍，算力需求狂降90%,http://mp.weixin.qq.com/s?__biz=MzA4NzgzMjA4MQ==&mid=2453447491&idx=1&sn=cf231b2b97f6e3172e78d1b924b705ad&chksm=87fb603db08ce92b39f4aa888617d49edb774ad5e69891c91a8d51d7f9a8a1f9514b560685b6#rd,2024-08-24 21:32:21
xAI 推出 Grok 2；Meta新AI爬虫；微软英伟达钢炮小模型；Disney AI机器人亮相；Ideogram 推出2.0,http://mp.weixin.qq.com/s?__biz=MzA4NzgzMjA4MQ==&mid=2453447366&idx=1&sn=3321e51da4910c2303b975f279577f83&chksm=87fb61b8b08ce8aee4a3ac263a541fabe61e0467f39b738699f91499ff565ce8a4c010dc7369#rd,2024-08-23 08:07:18
重磅！OpenAI 推出 GPT-4o 微调功能，这是教程：,http://mp.weixin.qq.com/s?__biz=MzA4NzgzMjA4MQ==&mid=2453447260&idx=1&sn=da949b1af8d22a39de28ad2442f60736&chksm=87fb6122b08ce834ca0611ebec2dc4ba7002accedbcde8ad6f0b1b5ab46e667a93432538891f#rd,2024-08-22 00:06:32
24小时AI化，前OpenAI工程师分享AI First生活！,http://mp.weixin.qq.com/s?__biz=MzA4NzgzMjA4MQ==&mid=2453447260&idx=2&sn=a361b5871bcb1e5e9df4cfc21c9b15a0&chksm=87fb6122b08ce834b58ee7f645a726ce2c22e763545d55f07c8442af497c34767910c0b591d8#rd,2024-08-22 00:06:32
AI也有“族谱”了，HuggingFace上线模型家谱树功能,http://mp.weixin.qq.com/s?__biz=MzA4NzgzMjA4MQ==&mid=2453446626&idx=1&sn=b7181def44c42dbda0b2ba45410f3075&chksm=87fb5c9cb08cd58ada15bdb3b52529c5ffc0a2abf92304dda6b4ec97994bb481d0375d83b8e2#rd,2024-08-15 00:04:55
Anthropic把Claude塞进了Google Sheets,http://mp.weixin.qq.com/s?__biz=MzA4NzgzMjA4MQ==&mid=2453446626&idx=2&sn=94835065f77dddc0d09be1dd936d4320&chksm=87fb5c9cb08cd58a1fcba26756e2fab2bec19d3c5366d45d0063a025f7ae4bb9a2915d96afb5#rd,2024-08-15 00:04:55
论文狗有救了！OpenResearcher 要来当你的论文Copilot,http://mp.weixin.qq.com/s?__biz=MzA4NzgzMjA4MQ==&mid=2453446626&idx=3&sn=087728c8e42762539fd0a66bd343a36f&chksm=87fb5c9cb08cd58a58b86320aa9876405c7aaf293eb4d0858b333d5a55144cb6fe4d406cc160#rd,2024-08-15 00:04:55
LeCun：大模型正走进死胡同！,http://mp.weixin.qq.com/s?__biz=MzA4NzgzMjA4MQ==&mid=2453446398&idx=1&sn=ed955f2c1445307f59ffe1f78e617c04&chksm=87fb5d80b08cd49672708a45913228faba92777a43e016ad30798c9972da4e63256131e9b9f8#rd,2024-08-14 00:17:01
OpenAI 悄悄更新了GPT-4o却不作说明，遭专家吐槽,http://mp.weixin.qq.com/s?__biz=MzA4NzgzMjA4MQ==&mid=2453446398&idx=2&sn=311fe44cf3602bda9202ae33cfa80614&chksm=87fb5d80b08cd4966640da76f3bc4fa15067119429c7a78a4801bbca463f7f5523b53c910c9f#rd,2024-08-14 00:17:01
线性代数的终极彩蛋：矩阵就是图,http://mp.weixin.qq.com/s?__biz=MzA4NzgzMjA4MQ==&mid=2453446183&idx=1&sn=86c81a9040bfbe101499845ed5154e43&chksm=87fb5d59b08cd44fb66a76de8b930192e987d8a01f78742ea2f5fc305d8215ea4e62533bbb68#rd,2024-08-13 01:06:13
Google 25年换16次工位，Jeff Dean 是如何改变世界的？,http://mp.weixin.qq.com/s?__biz=MzA4NzgzMjA4MQ==&mid=2453446183&idx=2&sn=02944405b5f4fc5ef97752190c401b95&chksm=87fb5d59b08cd44f198d970dcd284b9499e905f1caa89cece318b1297d7041c13e1f200ffad7#rd,2024-08-13 01:06:13
我用一天时间复刻了Product Hunt 爆款推特账号分析的小红书版,http://mp.weixin.qq.com/s?__biz=MzA4NzgzMjA4MQ==&mid=2453446080&idx=1&sn=9e562e206d8ab60d817e6ee25b11b422&chksm=87fb5ebeb08cd7a859176d5aeb152b822c5c3f0d30fd8829a34baa5ecb30e2df907ede5d8bc4#rd,2024-08-12 10:30:31
神经-向量-符号三位一体！AGI之路迈进一大步？,http://mp.weixin.qq.com/s?__biz=MzA4NzgzMjA4MQ==&mid=2453445822&idx=1&sn=8491c6f0d405d768b6716ddc69e0e98f&chksm=87fb5fc0b08cd6d6e4b5b6e17fdc22c97476000249332e30d4c0f26731ab66e87d972d2d796e#rd,2024-08-09 23:31:59
AI 要抢音乐人饭碗了！ChatMusician学会了写曲子,http://mp.weixin.qq.com/s?__biz=MzA4NzgzMjA4MQ==&mid=2453445822&idx=2&sn=10be0500271bc330e11ef6a847a31d54&chksm=87fb5fc0b08cd6d63c5207bdca0ee67c374d1f6407399f123b2f38a93b7569ef4b468b6bb67b#rd,2024-08-09 23:31:59
宇宙、生命、智能的本质是什么？Yann LeCun 给出了他的回答,http://mp.weixin.qq.com/s?__biz=MzA4NzgzMjA4MQ==&mid=2453444568&idx=1&sn=2e2ee8efb8941f3382b719dc9623248b&chksm=87fb54a6b08cddb01e93e53f0d1e4fba79ec6c59cadaa0e795b55dbb5e6ab03554191777bcb8#rd,2024-08-04 00:31:40
Anthropic：神经网络中的暗物质？,http://mp.weixin.qq.com/s?__biz=MzA4NzgzMjA4MQ==&mid=2453444568&idx=2&sn=242617fd2420ec30e1ebcc7ef5188ed4&chksm=87fb54a6b08cddb0a6fae9340f1624c5f0ba2692f9b567a3a953627b91e95a6fa0d05f77c7e2#rd,2024-08-04 00:31:40
如何用Gemini 进行笑声检测？,http://mp.weixin.qq.com/s?__biz=MzA4NzgzMjA4MQ==&mid=2453444568&idx=3&sn=6973517bf592990b083878a11bf2bf8f&chksm=87fb54a6b08cddb0ad596bd141d16bbb937b2bf04e96d4ce4837cc5bc12de6db6835b4428616#rd,2024-08-04 00:31:40
神经符号系统火了，AGI要弯道超车？,http://mp.weixin.qq.com/s?__biz=MzA4NzgzMjA4MQ==&mid=2453444463&idx=1&sn=d02c4d9eed919e343086612f459c473c&chksm=87fb5411b08cdd077cb45d48d626c2461629d89da290439a61c8c6a9ff89e9793fbeda071c88#rd,2024-08-03 10:07:08
RAG、PE、Agent、Multi-Agent……为什么AI领域有越来越多的流行词汇和专用术语,http://mp.weixin.qq.com/s?__biz=MzA4NzgzMjA4MQ==&mid=2453444463&idx=2&sn=2e066f5e2339173940982a205e8265e1&chksm=87fb5411b08cdd0772580e76db01b830cdda06a4189d18ceeaaff4c6e1561dd64cd5c3c57bc1#rd,2024-08-03 10:07:08
重磅！Google发布实验版Gemini 1.5 Pro，首次登顶排行榜,http://mp.weixin.qq.com/s?__biz=MzA4NzgzMjA4MQ==&mid=2453444142&idx=1&sn=bd8547b46d05510b06f60b8d182b1a67&chksm=87fb5550b08cdc4649053665af5f75b60da3de63641d54225003b024134f42e481e1ab449a9b#rd,2024-08-02 01:13:15
突发！美国力挺开源模型,http://mp.weixin.qq.com/s?__biz=MzA4NzgzMjA4MQ==&mid=2453443823&idx=1&sn=528ab98dcafb4323516520a5b9679fe9&chksm=87fb5791b08cde872f382503220e6ea40484601fffcc1a0fa0e19ecd6646d866cef3b2a83601#rd,2024-08-01 00:30:48
吴恩达又开课了：如何让你的AI应用不再答非所问,http://mp.weixin.qq.com/s?__biz=MzA4NzgzMjA4MQ==&mid=2453443823&idx=2&sn=99530c7bda6fcb713b1ceeb036a81942&chksm=87fb5791b08cde8723a6118e2ffaf2f2bf7379074bacdbc03a9a47e54a2427bfe1d3a516da3f#rd,2024-08-01 00:30:48
Meta新研究LLM-as-a-Meta-Judge：让AI自已当裁判,http://mp.weixin.qq.com/s?__biz=MzA4NzgzMjA4MQ==&mid=2453443521&idx=1&sn=f60db34794f9f1af7e88e441d5611440&chksm=87fb50bfb08cd9a986c6f822ba010aecaf3b12423c9db2a432745c31fdf596b020b6f934a46b#rd,2024-07-31 01:12:22
"英伟达最新项目GR00T 突破：让机器人像人类一样学习！AI终于可以""复制""人类了",http://mp.weixin.qq.com/s?__biz=MzA4NzgzMjA4MQ==&mid=2453443521&idx=2&sn=a2ff0f09d33a03b655832fe408bd13b2&chksm=87fb50bfb08cd9a9b26ec01aba06fd951b49c934b6aea83d0405630d6b5e96194b15e88a5d85#rd,2024-07-31 01:12:22
重磅！Mistral 发布Large 2 123B大模型PK Meta王炸，网友：疯了疯了都疯了,http://mp.weixin.qq.com/s?__biz=MzA4NzgzMjA4MQ==&mid=2453441939&idx=1&sn=b3f301276e2e3adf797d5d43bf433a67&chksm=87fb4eedb08cc7fbf60653e5698df93ec28a3328f9fe01ba6c73f31cd421b3473eaef7a9e87c#rd,2024-07-25 00:26:18
Llama 3.1 霸榜都玩了哪些花样？,http://mp.weixin.qq.com/s?__biz=MzA4NzgzMjA4MQ==&mid=2453441939&idx=2&sn=42508ccc837b65e8900213dd3099d3be&chksm=87fb4eedb08cc7fb3e8da90b582aec6e055fbffce30c011659371a49275cac62a4f461e1c3ec#rd,2024-07-25 00:26:18
两台MacBook就能跑405B Llama 3.1模型？网友：Intel要哭了,http://mp.weixin.qq.com/s?__biz=MzA4NzgzMjA4MQ==&mid=2453441939&idx=3&sn=53a47e082d890d5424a64ce446ef1480&chksm=87fb4eedb08cc7fb9f2697c41c329bea29601cc7c457e5e2b54c7c40c80c6da3b5325656c0a2#rd,2024-07-25 00:26:18
重磅！Meta 开源405B Llama 3.1 超级模型，扎克伯格放话开源将是神坛,http://mp.weixin.qq.com/s?__biz=MzA4NzgzMjA4MQ==&mid=2453441503&idx=1&sn=971d36cacb364de0d734797b764e8f6a&chksm=87fb48a1b08cc1b7f96aa9c67884a941aacce9142bd0a637a8701046450cbc3a4ad04ae16145#rd,2024-07-24 00:01:24
OpenAI 惊动前美军将领大搞安全。网友：别装了，赶紧放大招吧！,http://mp.weixin.qq.com/s?__biz=MzA4NzgzMjA4MQ==&mid=2453441503&idx=2&sn=c24d4378ae3c21bb0a1537137523a3bb&chksm=87fb48a1b08cc1b769c3f5ffaf2538f99fc24438171eb16212b372564950645db59febd6827c#rd,2024-07-24 00:01:24
Meta发布Llama 3.1，8B版本霸榜，405B完虐GPT-4！网友：不闹革命真对不起它这名字！,http://mp.weixin.qq.com/s?__biz=MzA4NzgzMjA4MQ==&mid=2453441503&idx=3&sn=ab45d51e30de7a71106d0d677c9305b4&chksm=87fb48a1b08cc1b7a557688e2f47726e91904dac9cd6c18f24cffce3eb9bbc98d7da301e2ad8#rd,2024-07-24 00:01:24
AI创业者别傻了！别再追求全自动，99%才最好,http://mp.weixin.qq.com/s?__biz=MzA4NzgzMjA4MQ==&mid=2453441503&idx=4&sn=31cf244d9f80a5282f21c5d62f1de382&chksm=87fb48a1b08cc1b7a392f234d6e91e4581109ea807ac90bb6486be7bde7b18f332c45380dc80#rd,2024-07-24 00:01:24
"英伟达突然放大招！1/40训练量造出16%更强的""迷你杀手""，网友：能不能搞定405B大模型？",http://mp.weixin.qq.com/s?__biz=MzA4NzgzMjA4MQ==&mid=2453441503&idx=5&sn=919e0db58b50e946ef67a73994ffa9f7&chksm=87fb48a1b08cc1b776bb21d0ce1de0eea8073a1f7c080acdfe8c6c6441fa574b82fc0f901dd5#rd,2024-07-24 00:01:24
苹果突袭视频模型大战！无需训练的小模型竟能打败一众大神？,http://mp.weixin.qq.com/s?__biz=MzA4NzgzMjA4MQ==&mid=2453441503&idx=6&sn=88d52a79cb09b1e4846545d69e1da94c&chksm=87fb48a1b08cc1b7750b993aa17bfc5c06ef5402fee2569c010a8201a0b047e1a59d53ed6e02#rd,2024-07-24 00:01:24
重磅！Sam Altman砸1400万美元的基本收入研究出炉，结果却让人大跌眼镜,http://mp.weixin.qq.com/s?__biz=MzA4NzgzMjA4MQ==&mid=2453441059&idx=1&sn=59ddcecdfa437444f9506a61800ddbdf&chksm=87fb495db08cc04b42e71ba163eec9ef06729fefaa8e8bd933f600d5d4307987450193cacf0e#rd,2024-07-23 00:16:29
AI创业者们是在创业还是在玩过家家？,http://mp.weixin.qq.com/s?__biz=MzA4NzgzMjA4MQ==&mid=2453440872&idx=1&sn=5e74c78e1bdc986be61ccc767a1503e7&chksm=87fb4a16b08cc300a2cee8c27149c6430f640a3329869f55dbd70415a5da22a2f5fc5488b6d1#rd,2024-07-22 09:54:30
Code Interpreter：OpenAI 把自家最强武器搞成了废铁？,http://mp.weixin.qq.com/s?__biz=MzA4NzgzMjA4MQ==&mid=2453440872&idx=2&sn=754150fdb139462a4643800114276ee0&chksm=87fb4a16b08cc300ab76b23563e3d84472faf3cbdd20a020a0eedff2621a6254280e3e2317bc#rd,2024-07-22 09:54:30
看了这篇论文，我觉得我的脑子可以扔了,http://mp.weixin.qq.com/s?__biz=MzA4NzgzMjA4MQ==&mid=2453440690&idx=1&sn=cff5cef1c75dfa9d6374b6d8eaffe2c0&chksm=87fb4bccb08cc2dabaa194738c6ed263e6857d90fbbdcac1ba015f91f727b97e398649cf64b0#rd,2024-07-21 08:20:49
AI模型最硬核CP，GPT-4和Claude 3.5骚操作！,http://mp.weixin.qq.com/s?__biz=MzA4NzgzMjA4MQ==&mid=2453440690&idx=2&sn=d593ab98b9e1df79ba8c9c7f3ab86300&chksm=87fb4bccb08cc2dace7f6f79802372e751e3541dd9070b1242ee7566b59b782b23a7f3b575a3#rd,2024-07-21 08:20:49
写好Prompt，看这一篇就够了！,http://mp.weixin.qq.com/s?__biz=MzA4NzgzMjA4MQ==&mid=2453440690&idx=3&sn=ce4d32ee6e02a3b07e319ced33b2289d&chksm=87fb4bccb08cc2daa4c4c9ed6edada44897623ffb393a8dfce93219478f35cdc3e253da85f2d#rd,2024-07-21 08:20:49
Llama3-8B玩出新花样，小模型也能当大爷？,http://mp.weixin.qq.com/s?__biz=MzA4NzgzMjA4MQ==&mid=2453439891&idx=1&sn=8f6843d7a444bcc89b0cf2bf1a756af0&chksm=87fb46edb08ccffb3e729ae5a03516b43a045f9b55639e142020788a60ec6291f5949b959754#rd,2024-07-15 13:58:03
测试集为何总被玩坏？斯坦福大佬的暴力解法让人直呼内行！,http://mp.weixin.qq.com/s?__biz=MzA4NzgzMjA4MQ==&mid=2453439891&idx=2&sn=d863a8a377f5350de7acce744e93cccb&chksm=87fb46edb08ccffb85b5394f6bcf1913dc71171577c604f623d3fb84d8cf48cc8edae474a5aa#rd,2024-07-15 13:58:03
OpenAI 提出通用人工智能（AGI）的五级路线图,http://mp.weixin.qq.com/s?__biz=MzA4NzgzMjA4MQ==&mid=2453439884&idx=1&sn=d499ec7d3a2aa899df72f063a9717096&chksm=87fb46f2b08ccfe4351c9d951823f55fbdc523b3b6ee080e9b30fb4d0169ec663ac5d114b56e#rd,2024-07-13 00:20:36
Andrej Karpathy：GPT-2五岁了！当年OpenAI 的宝贝现在人人都能家里养了！,http://mp.weixin.qq.com/s?__biz=MzA4NzgzMjA4MQ==&mid=2453439884&idx=2&sn=5570960232f78112b4a36be9d4e204bb&chksm=87fb46f2b08ccfe46f033e796313dcf113c884218aadfd61ce71e6e21ce53e3c9f1e3be0f023#rd,2024-07-13 00:20:36
机器人也学会了思考？伯克利搞了个黑科技,http://mp.weixin.qq.com/s?__biz=MzA4NzgzMjA4MQ==&mid=2453439884&idx=3&sn=cc1672e5249e8c5ed0e12ec84ce314ca&chksm=87fb46f2b08ccfe497fdc296049d0b13a80c352494ffc0d3843d7de85527924d6338fc39bcc9#rd,2024-07-13 00:20:36
SEED-Story：不仅会讲故事，还能画出你脑子里的小电影！,http://mp.weixin.qq.com/s?__biz=MzA4NzgzMjA4MQ==&mid=2453439884&idx=4&sn=c24b7179ae9cfc3be8d1b5f277ec65ed&chksm=87fb46f2b08ccfe4e7479fa76cb77f46bf780976aca51e83035ac22b926e5100d84b1bb4e912#rd,2024-07-13 00:20:36
谷歌的机器人已经学会自己逛办公室了，而你还在用手机导航找厕所！,http://mp.weixin.qq.com/s?__biz=MzA4NzgzMjA4MQ==&mid=2453439548&idx=1&sn=83d989f1e48eab12c2f99138c2665103&chksm=87fb4742b08cce543002b02c95a9dc6ecde01464298d01e568c577aa2787a0097810e97cf291#rd,2024-07-12 00:23:03
3D建模新秀：高斯噪声被玩出了花！,http://mp.weixin.qq.com/s?__biz=MzA4NzgzMjA4MQ==&mid=2453439548&idx=2&sn=9e15234a6b858ceec0908f22ce8699c3&chksm=87fb4742b08cce545bd74a2f2954b37727aa38b446a416b551f54a56e237623144ab022d2de6#rd,2024-07-12 00:23:03
甲骨文沦为XAI的备胎，因为马斯克的目标是世界最强AI,http://mp.weixin.qq.com/s?__biz=MzA4NzgzMjA4MQ==&mid=2453439159&idx=1&sn=f399d659f13632f236a8558168cbef32&chksm=87fb41c9b08cc8df1cbd6a628f32d8ea3f017dbcfe89055174984a9e4312f47f6b5ea0239a53#rd,2024-07-10 08:44:30
Anthropic搞出新玩具：可以生成提示、创建测试用例、同时比较多个提示的输出,http://mp.weixin.qq.com/s?__biz=MzA4NzgzMjA4MQ==&mid=2453439159&idx=2&sn=4f70bd30220247f85f2dcce82351d29e&chksm=87fb41c9b08cc8dff1f81f616df76e5bbef08b7d53257df281510ebd28b9d818b30724390f51#rd,2024-07-10 08:44:30
吴恩达：那些年我熬过的夜！,http://mp.weixin.qq.com/s?__biz=MzA4NzgzMjA4MQ==&mid=2453438938&idx=1&sn=468186cc835c4d00233c81f81a9809f3&chksm=87fb42a4b08ccbb2b3800956c2b73fb38ab3845edafd896838bd91b38efcc90462908f3522b6#rd,2024-07-09 13:03:08
反AI运动将成全球最大抗议浪潮？,http://mp.weixin.qq.com/s?__biz=MzA4NzgzMjA4MQ==&mid=2453438938&idx=2&sn=aa6b55e1e67eace14e9de7608835b35b&chksm=87fb42a4b08ccbb2832ffa807853dec9f3e5f52a452ec050add70a8041ceec5025923367aa8b#rd,2024-07-09 13:03:08
Schedule-Free：超现实优化器！,http://mp.weixin.qq.com/s?__biz=MzA4NzgzMjA4MQ==&mid=2453438938&idx=3&sn=4311ffe84e1b178cba9f58a705cabd57&chksm=87fb42a4b08ccbb2d43a5b50d1c8123c9e8121455965560b6645964eda374983c297e1db73dd#rd,2024-07-09 13:03:08
机器人成本骤降50%，人类劳动力即将被取代？,http://mp.weixin.qq.com/s?__biz=MzA4NzgzMjA4MQ==&mid=2453438077&idx=1&sn=c6a8e914e2113a7d52e96ef314df0750&chksm=87fbbd03b08c3415b34ee8b072c941013e90186410f337166e0aa281c9ab6a7493a03ce77af9#rd,2024-07-03 08:25:11
天才陶哲轩7岁就懂群论：我们低估了孩子们的潜力？,http://mp.weixin.qq.com/s?__biz=MzA4NzgzMjA4MQ==&mid=2453438077&idx=2&sn=b5b27afc98b3ffe5b93fed91e7a2816f&chksm=87fbbd03b08c3415c9af46e19aa9da706cb64fdd5229cf5f621b0d4e15de41c7d2f830b81fce#rd,2024-07-03 08:25:11
10亿个虚拟人：用“人格”驱动LLM的数据合成,http://mp.weixin.qq.com/s?__biz=MzA4NzgzMjA4MQ==&mid=2453438077&idx=3&sn=e4e7ca802510eccbc281341c92c15e8a&chksm=87fbbd03b08c3415f23f5f431982de5796c1eb1209415e58d5cff1b26535e1d14ed63ea5a56b#rd,2024-07-03 08:25:11
AI民主化：大爷大妈也要来教AI做人了？,http://mp.weixin.qq.com/s?__biz=MzA4NzgzMjA4MQ==&mid=2453437731&idx=1&sn=c5a9c04736701028007ac15bc4546c85&chksm=87fbbe5db08c374b4cf1ca8f99e62cd21283becd864de8c9411589903ad04795a410dc284775#rd,2024-07-02 00:46:44
AI都开始设计材料了，你还在纠结约会穿啥？,http://mp.weixin.qq.com/s?__biz=MzA4NzgzMjA4MQ==&mid=2453437731&idx=2&sn=04503e9ee45246fb731e955622cacf15&chksm=87fbbe5db08c374ba2cfe9860981e30aa8f91295f12052d28e5b1eb3e9f4fa9c4c9e66497105#rd,2024-07-02 00:46:44
Chrome 已内置本地Gemini，如何启用？,http://mp.weixin.qq.com/s?__biz=MzA4NzgzMjA4MQ==&mid=2453437367&idx=1&sn=0efff0caafca5d06aded9372f8a7f41a&chksm=87fbb8c9b08c31df923b3744458a2d2e8018cc39e2fb76b2240aff93c6b83d96f90a966d86ee#rd,2024-07-01 00:44:20
用AI写代码，真的会导致编程能力下降吗？,http://mp.weixin.qq.com/s?__biz=MzA4NzgzMjA4MQ==&mid=2453437367&idx=2&sn=67a8cb8ac2de09dc015cf7c6cb60b7cf&chksm=87fbb8c9b08c31df7e299716e8c07e25f2f3ba3def230e0e3c1b2fa25939c97fdc1b54029f33#rd,2024-07-01 00:44:20
为什么LLM 难以进行科学研究？,http://mp.weixin.qq.com/s?__biz=MzA4NzgzMjA4MQ==&mid=2453437127&idx=1&sn=f071e1bd6ebc07ba31fcf8ad4352b475&chksm=87fbb9b9b08c30afca4afa44d990899c2fabf2b2d3f912f1112c8595f55f0941f545f96f975f#rd,2024-06-30 10:38:36
谢赛宁：LeCun 的卷积神经网络不只种架构，而是种思维方式,http://mp.weixin.qq.com/s?__biz=MzA4NzgzMjA4MQ==&mid=2453437127&idx=2&sn=9f8a87bf3c95cde315155e44a97b311e&chksm=87fbb9b9b08c30af343487d8b5c874a606b83b93a790da31d047d553f346a486eb872d654a05#rd,2024-06-30 10:38:36
LoRA 深入解析,http://mp.weixin.qq.com/s?__biz=MzA4NzgzMjA4MQ==&mid=2453436813&idx=1&sn=7fb4df4624b75fd99fffff4ec02fe289&chksm=87fbbaf3b08c33e596132329169e41bc1b0f746f41f613091e70591ddef5df3e56bfc9e7cb34#rd,2024-06-29 08:55:39
LeCun 警告：别再搞LLM,http://mp.weixin.qq.com/s?__biz=MzA4NzgzMjA4MQ==&mid=2453434391&idx=1&sn=21ef67a55d92f3817cf135c30527f63b&chksm=87fbb369b08c3a7fa04c5b8bf6e6599fedaa2bb9f4087c3d0415dbfa10df4df16c9c4749bbc4#rd,2024-06-23 11:23:50
为什么OpenAI 迟迟未发布GPT-5？,http://mp.weixin.qq.com/s?__biz=MzA4NzgzMjA4MQ==&mid=2453434391&idx=2&sn=2533e8b9d1e88d5b386b3d2129418cdb&chksm=87fbb369b08c3a7fa7e76da163a730a4fb40c1c8f5782cee7bdcb20483c7f17a44a6504d3d01#rd,2024-06-23 11:23:50
AI 进化下：软件工程师的未来在哪里？,http://mp.weixin.qq.com/s?__biz=MzA4NzgzMjA4MQ==&mid=2453434391&idx=3&sn=d7bf58004ded2fbfc92b443b07c1fff8&chksm=87fbb369b08c3a7f5d2486d12eabf98eb101bf996372c0cdb22c351bccc9de6aee7c02158c7f#rd,2024-06-23 11:23:50
吴恩达的父亲节礼物：用OpenDevin 教女儿做题！,http://mp.weixin.qq.com/s?__biz=MzA4NzgzMjA4MQ==&mid=2453434341&idx=1&sn=a733693075fc04ad87afc0f3a25baa07&chksm=87fbac9bb08c258d32515d1429b5666aa50c99d586f8492b333c3024763f8cf6bc00a35b24b6#rd,2024-06-22 01:26:19
Andrej Karpathy：LLM 界面应该有一个内置的「证据」功能！,http://mp.weixin.qq.com/s?__biz=MzA4NzgzMjA4MQ==&mid=2453434341&idx=2&sn=cd7a86d63c571133685a8380bd8395d6&chksm=87fbac9bb08c258ddc97d119ab309a4b91cc0eaf462a58edc66c8f4a3cc9fc9a52879183ea29#rd,2024-06-22 01:26:19
NVIDIA RTX 4500 Ada: 超越想象，AI 赋能未来！,http://mp.weixin.qq.com/s?__biz=MzA4NzgzMjA4MQ==&mid=2453434341&idx=3&sn=ef96a66035aaa5a58c02f2feb5f90314&chksm=87fbac9bb08c258ddd8f2fadc2b4c12cdd7a318f3dc42f01a80cfe2e9f42900cbe9af0a06d6d#rd,2024-06-22 01:26:19
快上车！94行代码掌握神经网络本质。OpenAI 创始成员、特斯拉自动驾驶前负责人 Andrej Karpathy 亲自来接,http://mp.weixin.qq.com/s?__biz=MzA4NzgzMjA4MQ==&mid=2453434329&idx=1&sn=c0299cbc6e780cefc1c7ba44f92d2f41&chksm=87fbaca7b08c25b1cbd14503dfc56e62e2e7a9c442de435380e9d83d8a727d1ad0a50a6f97f1#rd,2024-06-21 10:27:08
吊打GPT-4o！Anthropic 发布 Claude 3.5 Sonnet 和 Artifacts,http://mp.weixin.qq.com/s?__biz=MzA4NzgzMjA4MQ==&mid=2453434329&idx=2&sn=4862fcdce8ec618f61b8fa82fb6321c5&chksm=87fbaca7b08c25b11ca1d42dcd60ab556742793017d4e0ff5646b6d0cdd71f1307ad4f4892c7#rd,2024-06-21 10:27:08
用小学一年级练习，来理解 RAG 的上下文相关性挑战,http://mp.weixin.qq.com/s?__biz=MzA4NzgzMjA4MQ==&mid=2453434293&idx=1&sn=0f0e88a6d9cf9c3b9e05a2f99568aa03&chksm=87fbaccbb08c25dd44ccaf8c4daaff96a8021d8022d0036971734bf07fb194085d8a04b81bff#rd,2024-06-20 00:21:35
RLHF 严重影响了大语言模型的创造力？,http://mp.weixin.qq.com/s?__biz=MzA4NzgzMjA4MQ==&mid=2453434264&idx=1&sn=5f4872abc4ecfab5fb0256d881bda8be&chksm=87fbace6b08c25f041ddb07ab12647723054065da9c7ae3c99ad974edb2b1635904f03761b79#rd,2024-06-19 00:13:24
从AGI到超级智能：智能爆炸。AI的进步不会止步于人类水平,http://mp.weixin.qq.com/s?__biz=MzA4NzgzMjA4MQ==&mid=2453434022&idx=1&sn=1c0b7aa33da08930cca19f45ec96c55f&chksm=87fbadd8b08c24ce77efcc81ff90b094087bfa2b9d01ff960bcc55d3e1b1833930af8ece5811#rd,2024-06-06 12:48:44
如何提升 ChatGPT 的准确性？OpenAI发布最新 LLM 官方指南,http://mp.weixin.qq.com/s?__biz=MzA4NzgzMjA4MQ==&mid=2453433972&idx=1&sn=4ca656505348b9dec3c15c9bd40f45c0&chksm=87fbad0ab08c241c83e036e2d0194f513432e28e19775b61eb2910779d8b243971b17a6ebab2#rd,2024-06-05 00:36:32
AGI 最终摧毁人类文明的可能性为 99.9999%——Lex Fridman访Roman Yampolskiy【长视频+字幕】,http://mp.weixin.qq.com/s?__biz=MzA4NzgzMjA4MQ==&mid=2453433958&idx=1&sn=fcb1e677dc7823a29c128ad0a560baec&chksm=87fbad18b08c240e36df3e2919235ae7d9b5f6bdbe5e680408b502d3b0349f2247833ec74c81#rd,2024-06-04 08:04:18
LangChain：如何高效管理 LLM 聊天历史记录？,http://mp.weixin.qq.com/s?__biz=MzA4NzgzMjA4MQ==&mid=2453433952&idx=1&sn=45ffeee7e49e92b388ca27cad052f56a&chksm=87fbad1eb08c2408fe6400c5841c7700aea0065020a78750be80d43ba9c94cba8578f8753e1a#rd,2024-06-02 18:27:55
大型语言模型（LLM）如何理解长文档？,http://mp.weixin.qq.com/s?__biz=MzA4NzgzMjA4MQ==&mid=2453433952&idx=2&sn=cc87a07dc7044bb7db23b2d4692041d0&chksm=87fbad1eb08c2408950ee82d597bc148afde049836a7d7c86e5d7908e4ed6378f762b0838666#rd,2024-06-02 18:27:55
LeCun：卷积神经网络是思考方式，而非架构！马斯克：我又躺枪了？,http://mp.weixin.qq.com/s?__biz=MzA4NzgzMjA4MQ==&mid=2453433936&idx=1&sn=e7a9c62963d00e48719888520dc6dcad&chksm=87fbad2eb08c2438216b6d9271ed0e7df67467b1cda9a9c6965125a6431642cf3ea56d41dbc0#rd,2024-05-31 09:21:57
GPT-5 遭放弃，OpenAI 新模型名为 GPT-Next？,http://mp.weixin.qq.com/s?__biz=MzA4NzgzMjA4MQ==&mid=2453433795&idx=1&sn=f89b2d163aca61ba7e4497c5f3bb8955&chksm=87fbaebdb08c27abb3fc1291e96e0b19d1e3aec50fe5df9c74df709365418e177c45cb1bab63#rd,2024-05-25 01:44:29
Yann LeCun: ChatGPT 永远达不到人类智能水平！,http://mp.weixin.qq.com/s?__biz=MzA4NzgzMjA4MQ==&mid=2453433770&idx=1&sn=0629a4b5f6758d0f5c5ab4eaf67d81e1&chksm=87fbaed4b08c27c23501183bc2172ba3d5a4aae533eb4821b9615e4d5750171a0a68e953e754#rd,2024-05-24 09:53:57
OpenAI 与 News Corp 达成战略合作，可以在ChatGPT 看新闻了,http://mp.weixin.qq.com/s?__biz=MzA4NzgzMjA4MQ==&mid=2453433725&idx=1&sn=0105b0827525d65b0b1e3e2b5ae0979b&chksm=87fbae03b08c2715216a5c6186e30068d12a26a9c6af29d9c4f3a742d8ea9e9c8a523850448a#rd,2024-05-23 10:01:25
Yann LeCun: 不要浪费时间在LLM上！,http://mp.weixin.qq.com/s?__biz=MzA4NzgzMjA4MQ==&mid=2453433725&idx=2&sn=a1303d52ede03065ac081bebbe540aa2&chksm=87fbae03b08c2715075c98a4c443c4e245622ba55cd7fc881441967a9dca3557779e1f7eccce#rd,2024-05-23 10:01:25
前端开发有福了：浏览器也能运行大模型！Wllama 项目让 Llama.cpp 在浏览器中运行,http://mp.weixin.qq.com/s?__biz=MzA4NzgzMjA4MQ==&mid=2453433725&idx=3&sn=6425a15bca8dd0390f1d3ece581513f7&chksm=87fbae03b08c271581b3b2c7631bd2d66e4fd8973dced00d4f0ae3f95e0dc9f08d6cb751d2e9#rd,2024-05-23 10:01:25
OpenAI 迎来新安全专家：前Indent.com工程师加入，共建AGI安全体系,http://mp.weixin.qq.com/s?__biz=MzA4NzgzMjA4MQ==&mid=2453433725&idx=4&sn=a35b0cceb99c5828da6fe6735955f0f6&chksm=87fbae03b08c27157f158ed7d17ae09391b87e048e2e4e9cf1c7a4ed349ec823fcb599fbfac1#rd,2024-05-23 10:01:25
OpenAI 正在毁灭人类？,http://mp.weixin.qq.com/s?__biz=MzA4NzgzMjA4MQ==&mid=2453433673&idx=1&sn=1c637a9ed22b37de7d041106e9f28534&chksm=87fbae37b08c272125edeab00971a70f85c22150f6dd842d8ee7894111aa4d821e172aa81be1#rd,2024-05-22 01:10:05
神经网络学不会正弦波，也做不到一切【长文】,http://mp.weixin.qq.com/s?__biz=MzA4NzgzMjA4MQ==&mid=2453433646&idx=1&sn=5140d33de5019a024c3eacbc7d86becd&chksm=87fbae50b08c2746ae3430ca8b5a4280ae922ab0c6bf330b448560f7604a10a2851ba791d15d#rd,2024-05-21 10:26:15
OpenAI 否认语音剽窃，寡姐愤怒回应！,http://mp.weixin.qq.com/s?__biz=MzA4NzgzMjA4MQ==&mid=2453433646&idx=2&sn=d525ec127b969582caf50e0ba1854e3f&chksm=87fbae50b08c27462b3c7721ec8d301b40fd42bdb3d445642751c0faa1b5daa16effdd08fe22#rd,2024-05-21 10:26:15
英伟达Jim Fan：接入苹果 iOS 的chatGPT将产生数据飞轮，就像特斯拉的FSD,http://mp.weixin.qq.com/s?__biz=MzA4NzgzMjA4MQ==&mid=2453433065&idx=1&sn=267a4e0b557db8d1e4e74e80d596f9f3&chksm=87fba997b08c20817b598cbe82c933f658a701103b17009fa8547de4a0ad4589da3ac14fe141#rd,2024-05-15 00:04:35
OpenAI 震撼发布 GPT-4o！对所有人免费！,http://mp.weixin.qq.com/s?__biz=MzA4NzgzMjA4MQ==&mid=2453432992&idx=1&sn=e77c691bde3cdabc8af067740d5cde93&chksm=87fba9deb08c20c8bc771c11124c94caf9a3e8a8d0e6a4cb609d39922e03fd3b5226a72766d8#rd,2024-05-14 01:26:03
OpenAI 发布会 9 大预测：你大爷还将是你大爷！,http://mp.weixin.qq.com/s?__biz=MzA4NzgzMjA4MQ==&mid=2453432957&idx=1&sn=107086622b533ca522303761e3eec0d7&chksm=87fba903b08c2015cd4625005670589a29f562406c6a2627c6a649ce9b9ff664cf253deb0b5c#rd,2024-05-13 00:06:26
苹果正与 OpenAI 协议，将 ChatGPT 引入iPhone,http://mp.weixin.qq.com/s?__biz=MzA4NzgzMjA4MQ==&mid=2453432909&idx=1&sn=8a44cd280f9882adb481930e5209ce50&chksm=87fba933b08c2025f4ed881b38ec1d92c933a448067cb0581252e45c80f2b6d40010c9af9232#rd,2024-05-12 11:23:57
OpenAI：周一见！奥特曼：不是搜索，不是GPT-5，但是你们想要的！,http://mp.weixin.qq.com/s?__biz=MzA4NzgzMjA4MQ==&mid=2453432899&idx=1&sn=527053a998763b0c5463f838af421a8a&chksm=87fba93db08c202bc61fe6f02c14de42e53e4d9eb87a1bd4e58faaafb859843041f4111a9ce7#rd,2024-05-11 23:39:21
定了：由开源来实现AGI？,http://mp.weixin.qq.com/s?__biz=MzA4NzgzMjA4MQ==&mid=2453432899&idx=2&sn=9ce600374522bb30fdc0de456327e059&chksm=87fba93db08c202b98a61d091680828b99d45a0c5c991ff72a4dd2cfe1de5bc2247577dd3965#rd,2024-05-11 23:39:21
OpenAI 前创始成员、特斯拉自动驾驶前负责人 Andrej Karpathy：llm.c项目在第24天实现了多GPU训练,http://mp.weixin.qq.com/s?__biz=MzA4NzgzMjA4MQ==&mid=2453432593&idx=1&sn=43738a3e93baac243af53fbac3bcf40c&chksm=87fbaa6fb08c2379f2dab53f3df8189752370cfd3e6c8cbf34aa12ab3c0e565dbc09664f1c78#rd,2024-05-04 10:36:43
贾扬清：ChatGPT搜索正在消灭“简单地调用常规搜索并用 LLM 进行总结”的套壳器,http://mp.weixin.qq.com/s?__biz=MzA4NzgzMjA4MQ==&mid=2453432593&idx=2&sn=6aef083779c6230bfc63eb2ae5466b39&chksm=87fbaa6fb08c237924c65c094c7a7a5067a074676fe32e0194ff60db4418bd65fdb6cf457a69#rd,2024-05-04 10:36:43
3.6k stars - KAN: 神经网络 MLP 的数学和物理上的有力替代方案 | AI 开源项目,http://mp.weixin.qq.com/s?__biz=MzA4NzgzMjA4MQ==&mid=2453432593&idx=3&sn=bf00f37ebbc61bfafc3cc50f5cfde8a3&chksm=87fbaa6fb08c237902bb00ea66cd45f2350385f866ba0d2f6b34a29fe551c45ac1a1b479e401#rd,2024-05-04 10:36:43
164 stars - StoryDiffusion：长程图像与视频生成的一致性自注意力 | AI 开源项目,http://mp.weixin.qq.com/s?__biz=MzA4NzgzMjA4MQ==&mid=2453432593&idx=4&sn=7be077ada245921608856a1be5668ced&chksm=87fbaa6fb08c237946ee877703fb18596d850d5b882fee4188b492a45d13f7fab5013e603162#rd,2024-05-04 10:36:43
62 stars - MLX-VLM：本地运行视觉LLM的Mac工具包 | AI 开源项目,http://mp.weixin.qq.com/s?__biz=MzA4NzgzMjA4MQ==&mid=2453432593&idx=5&sn=a739da9b38e13bb188939c13f0ad391e&chksm=87fbaa6fb08c2379e6b401a3ad05eb8fe53034ff42317a470a01f497f67b0ec4965bbbfa44a4#rd,2024-05-04 10:36:43
Sam Altman：用30秒说完别人5分钟的话。网友：压缩即智能？,http://mp.weixin.qq.com/s?__biz=MzA4NzgzMjA4MQ==&mid=2453432572&idx=1&sn=7347ccb6bbb477b5b2b269ae631f51bd&chksm=87fbab82b08c2294af993bbbc21b31b6f78c961779bbc9aac6a9935ad4ea819fa9202905dbf1#rd,2024-04-30 09:30:53
2.5k stars - AIOS: LLM智能代理操作系统 | AI 开源项目,http://mp.weixin.qq.com/s?__biz=MzA4NzgzMjA4MQ==&mid=2453432572&idx=2&sn=3fa6de32d5809be6368d8c97da58ccd4&chksm=87fbab82b08c2294d7ef7d365611e982a72c0ed29a52373222aad47374db09f4c8e460700dcc#rd,2024-04-30 09:30:53
Meta 首席科学家杨乐昆（Yann Lecun）：人类训练的人工智能，难以超越人,http://mp.weixin.qq.com/s?__biz=MzA4NzgzMjA4MQ==&mid=2453432556&idx=1&sn=277a4a308ebba4aaab95c3419f336993&chksm=87fbab92b08c2284a23ad5b7d8b27d6b3957bf77856cec1d76b8c7c8919fa6b3f046869af783#rd,2024-04-28 22:18:16
2.2k stars - 低成本机器人臂：仅需$250，实现机器人学习与衣物折叠功能 | AI 开源项目,http://mp.weixin.qq.com/s?__biz=MzA4NzgzMjA4MQ==&mid=2453432556&idx=2&sn=e8d6877c884b613cb1dac72402c1e340&chksm=87fbab92b08c2284f4b627ca7127ee889bd16a8dc00530ec26624e654cd197d5eeb544dff419#rd,2024-04-28 22:18:16
2.2k stars - Google DeepMind的Gemini API指南：多模态AI应用开发之旅 | AI 开源项目,http://mp.weixin.qq.com/s?__biz=MzA4NzgzMjA4MQ==&mid=2453432556&idx=3&sn=72d33ac11ff58d9f8c6200517a469657&chksm=87fbab92b08c22846c007fb6d836ed0e2f4baa8dd77537de6b24f840ee2f2872cc711351bbb3#rd,2024-04-28 22:18:16
1.2 stars - 3DTopia的LGM项目：推动高分辨率3D内容创建的前沿技术 | AI 开源项目,http://mp.weixin.qq.com/s?__biz=MzA4NzgzMjA4MQ==&mid=2453432556&idx=4&sn=2f1404956ef37da3ff288b96cfe91bda&chksm=87fbab92b08c2284ae28d223ed858f6fd1763257357d1e05242b5ab62967ee6cf010de735bcc#rd,2024-04-28 22:18:16
1.6k stars - 腾讯 InstantMesh：单张图片生成3D网格模型的高效解决方案 | AI 开源项目,http://mp.weixin.qq.com/s?__biz=MzA4NzgzMjA4MQ==&mid=2453432556&idx=5&sn=398ae544cfcbd76fab7da7813330e4fa&chksm=87fbab92b08c22846cdf220f6b9c53a6c1c5082b69d37a72b9d06a9ab4992e57a9afa592bf55#rd,2024-04-28 22:18:16
1.1k stars - 使用MLX框架在Apple Silicon Mac上与数据进行原生对话 | AI 开源项目,http://mp.weixin.qq.com/s?__biz=MzA4NzgzMjA4MQ==&mid=2453432556&idx=6&sn=ac8de77850f8b35d1f0e2b2524143ec1&chksm=87fbab92b08c22847db290597c191ef07d2bf8e87b8c224527813de04dafb52dcaaa0e236065#rd,2024-04-28 22:18:16
800 stars - PixArt-Σ：革新4K文本到图像生成的高效扩散变换器模型 | AI 开源项目,http://mp.weixin.qq.com/s?__biz=MzA4NzgzMjA4MQ==&mid=2453432556&idx=7&sn=4fbb7456e72bc71ea1834fd0bc516c48&chksm=87fbab92b08c2284d09190f4bc940424ff50f63970da5e639b24d253e792c323d769ed87a8f9#rd,2024-04-28 22:18:16
500 stars LLM Maybe LongLM：无需微调即可自我扩展上下文窗口的大型语言模型 | AI 开源项目,http://mp.weixin.qq.com/s?__biz=MzA4NzgzMjA4MQ==&mid=2453432556&idx=8&sn=329aaf85f1bdb800bbf4f86b969fda57&chksm=87fbab92b08c2284750df6fc88201af0e86558e67227fdcfff046ac9d5b464616fbf89de3e37#rd,2024-04-28 22:18:16
人工智能安全委员会新阵容：OpenAI 和Anthropic 领头，黄仁勋、李飞飞在列，马斯克、杨乐昆被缺席,http://mp.weixin.qq.com/s?__biz=MzA4NzgzMjA4MQ==&mid=2453432548&idx=1&sn=a144ea5626690195c199136524598364&chksm=87fbab9ab08c228c2ed7be50fe8df2b3a082579e6b760cb51c6d115a629ef8cdd8ad1ebabcd5#rd,2024-04-27 23:50:26
3k stars - AlphaCodium：代码生成新范式 | AI 开源项目,http://mp.weixin.qq.com/s?__biz=MzA4NzgzMjA4MQ==&mid=2453432548&idx=2&sn=c1da93395de55a819ad36cb869cfd44c&chksm=87fbab9ab08c228c765f5426482f8d78d0b14c49255efaa28fdd40a10239068503bd031b8dbf#rd,2024-04-27 23:50:26
7天1.4k stars - 快速构建部署RAG应用的Cohere Toolkit | AI 开源项目,http://mp.weixin.qq.com/s?__biz=MzA4NzgzMjA4MQ==&mid=2453432548&idx=3&sn=ebe43a5f341240157813ff9272ac5a97&chksm=87fbab9ab08c228ce5ab3a49628fe4e45fbc31f21bcf682c377e4da6c72045f0ddd0e87d569a#rd,2024-04-27 23:50:26
4 天 315 stars - FlowMap：梯度下降实现高质量相机姿态与深度估计 | AI 开源项目,http://mp.weixin.qq.com/s?__biz=MzA4NzgzMjA4MQ==&mid=2453432548&idx=4&sn=893764c6356b20d62de1949e470c80a6&chksm=87fbab9ab08c228ccc2a5669e29a554583fa3e4e8447fcd1d2fdf2fda6eb2bbe187be50b2b58#rd,2024-04-27 23:50:26
5 天 320 stars - Snowflake 高效开源企业级AI模型 | AI 开源项目,http://mp.weixin.qq.com/s?__biz=MzA4NzgzMjA4MQ==&mid=2453432548&idx=5&sn=54c0f963be5c1158ff7168c77d72a1b7&chksm=87fbab9ab08c228c3e375ff73a37896eefeae2e5b036e7fd0b7f41b57598a40b42b60c0e5b27#rd,2024-04-27 23:50:26
5天163 stars - AI 图解生成器：直观体验的创新工具 | AI 开源项目,http://mp.weixin.qq.com/s?__biz=MzA4NzgzMjA4MQ==&mid=2453432548&idx=6&sn=4332647f69eb1eed6bfe58521eacf2cc&chksm=87fbab9ab08c228ca45620019f1874c193d03b0bb191964d0539e71c339abf179e0a7af43919#rd,2024-04-27 23:50:26
2天81 stars - Terrarium：高效经济的Python沙盒 | AI 开源项目,http://mp.weixin.qq.com/s?__biz=MzA4NzgzMjA4MQ==&mid=2453432548&idx=7&sn=7c6ccad87876601ba32d24abb054133d&chksm=87fbab9ab08c228cde169b59a0c7f9b71ab36b7a2f4237392b82c02d52cb2094059071788d07#rd,2024-04-27 23:50:26
Retrieval Head：深度解析长文本信息检索 | AI 开源项目,http://mp.weixin.qq.com/s?__biz=MzA4NzgzMjA4MQ==&mid=2453432548&idx=8&sn=4f78073e2b652c32d6cf8a172c16c94d&chksm=87fbab9ab08c228c1826381a8680a58f9824f1777b8e697246eca52e5f991e5784fe252f2bfc#rd,2024-04-27 23:50:26
Open-Sora：高效视频制作的开源革命 | AI 开源项目,http://mp.weixin.qq.com/s?__biz=MzA4NzgzMjA4MQ==&mid=2453432430&idx=1&sn=f3110b61550040c1a40bf965006c7303&chksm=87fbab10b08c22064c7dcfca448a33ebdeb1120496224318159098aac905e8d33a1b4856807f#rd,2024-04-27 20:31:36
FILM：让大型语言模型充分利用上下文 | AI 开源项目,http://mp.weixin.qq.com/s?__biz=MzA4NzgzMjA4MQ==&mid=2453432430&idx=2&sn=f6ee17b36c7f14312f417512e221a0ca&chksm=87fbab10b08c220624e8574148e19618fbf2c029c3e099a8c05c9f202b5374d848188e663b93#rd,2024-04-27 20:31:36
SoM-LLaVA：提升多模态大型语言模型的视觉推理能力 | AI 开源项目,http://mp.weixin.qq.com/s?__biz=MzA4NzgzMjA4MQ==&mid=2453432430&idx=3&sn=34f0683a456fc0f9c1a2e304bc47b9ff&chksm=87fbab10b08c220675359d1713ff3e13a42abcd2bc053949f89ee2f7c63bbe69cf79f63c81e0#rd,2024-04-27 20:31:36
简易实现 A. Karpathy 的 Let's build GPT，使用 MLX 库 | AI 开源项目,http://mp.weixin.qq.com/s?__biz=MzA4NzgzMjA4MQ==&mid=2453432430&idx=4&sn=9bf8834d178f6967925dc36755767300&chksm=87fbab10b08c2206f88563e2f82772482fa4ba00fd5ef247685b8363230dab9948ff60983f17#rd,2024-04-27 20:31:36
交互式3D生成：定制化三维模型创作 | AI 开源项目,http://mp.weixin.qq.com/s?__biz=MzA4NzgzMjA4MQ==&mid=2453432430&idx=5&sn=c68c045a7f5fe66597ec031d53cf7324&chksm=87fbab10b08c2206a83943c052053bde45bfac98772293f3f2e856ec72042cee51a9a1f31bcf#rd,2024-04-27 20:31:36
ConsistentID：高效定制化人脸特征保持 | AI 开源项目,http://mp.weixin.qq.com/s?__biz=MzA4NzgzMjA4MQ==&mid=2453432430&idx=6&sn=3c747f2d960f01a475cdeb85339dead2&chksm=87fbab10b08c220695fb97ce63ddf7c6a36b2f05ba79086a0c9911920b5c9fd374585cf58631#rd,2024-04-27 20:31:36
多功能AI助手：Noa Assistant | AI 开源项目,http://mp.weixin.qq.com/s?__biz=MzA4NzgzMjA4MQ==&mid=2453432430&idx=7&sn=c2b438fe9610126e810ca9e9e02a63f4&chksm=87fbab10b08c2206877b34edff518093bd43a507fb0a9cf83731c7a6cabeb630428c7c72ee41#rd,2024-04-27 20:31:36
CopilotKit的AI辅助开发示例应用 | AI 开源项目,http://mp.weixin.qq.com/s?__biz=MzA4NzgzMjA4MQ==&mid=2453432430&idx=8&sn=582a6ee6be6a6f4253e1f864ef19a910&chksm=87fbab10b08c2206c786b9e5568b06c15cbc5c02a4a25c0b22f07e9e440e3b3a27e079dd601c#rd,2024-04-27 20:31:36
Apple 推出 Ferret-UI，多模态移动界面理解，超越 GPT-4V,http://mp.weixin.qq.com/s?__biz=MzA4NzgzMjA4MQ==&mid=2453431974&idx=1&sn=d6c0c0be38f8eae1d3e633c526454158&chksm=87fba5d8b08c2cce7dbcdb123827db79e7659e2bfddb011a5e785042e27c2f6102ea7ac1bbd1#rd,2024-04-10 09:42:46
马斯克：Grok 3 或将超越 GPT-5，需要 10 万台 Nvidia H100,http://mp.weixin.qq.com/s?__biz=MzA4NzgzMjA4MQ==&mid=2453431974&idx=2&sn=8c94af8ca9e755eb09c3069cebb99c5d&chksm=87fba5d8b08c2cce074900985a1989b275463d43ffe9a9dd1fa4810dd0cc124cc13c52072d2e#rd,2024-04-10 09:42:46
数据分析的chatGPT 时刻：Numerous! 分析师可以失业了，你可以开副业了,http://mp.weixin.qq.com/s?__biz=MzA4NzgzMjA4MQ==&mid=2453431939&idx=1&sn=2d671ad56e62e92144acb5c41ec92d92&chksm=87fba5fdb08c2ceb0262997d59304efa6bfa27f169e836aa904221f1841989221fb52c049fcc#rd,2024-04-09 08:05:10
最新研究：删除40% LLM层，速度更快精度不减,http://mp.weixin.qq.com/s?__biz=MzA4NzgzMjA4MQ==&mid=2453431909&idx=1&sn=80b36621cf99b9430f493a5e8533870c&chksm=87fba51bb08c2c0d02a7411a2a8a7401b2e17047d38e27f37863b0a894cefdf820cfa286e2ef#rd,2024-04-08 15:06:43
腾讯：More Agents Is All Your Need. 网友：东施效颦？,http://mp.weixin.qq.com/s?__biz=MzA4NzgzMjA4MQ==&mid=2453431909&idx=2&sn=7db4ead274ed9b8e9c69cec0474080a1&chksm=87fba51bb08c2c0de008d638f4140f77fc7a8187a62646503384344d550ccbd62b53bfcb4d52#rd,2024-04-08 15:06:43
Google Deepmind: 大部分计算都被浪费了,http://mp.weixin.qq.com/s?__biz=MzA4NzgzMjA4MQ==&mid=2453431909&idx=3&sn=825e2e2fb9555883e4e07defa39385cb&chksm=87fba51bb08c2c0d337d90941aea4decbf3b9436c4631e62c7ce354b0bfafd75b06375318338#rd,2024-04-08 15:06:43
马斯克：特斯拉无人出租车将于 8/8 登场！,http://mp.weixin.qq.com/s?__biz=MzA4NzgzMjA4MQ==&mid=2453431829&idx=1&sn=65baff7f2e32d9a088e3c53f01368026&chksm=87fba56bb08c2c7d04e54fc258884c7ecb3d169b8d0c079e92d1f3955515ea87e8e53aedb6f0#rd,2024-04-06 22:38:50
Cohere 最新力作：Command R+模型，性能超GPT4，价格更有优势,http://mp.weixin.qq.com/s?__biz=MzA4NzgzMjA4MQ==&mid=2453431799&idx=1&sn=7193b5ba448af6f621888b303c4e0994&chksm=87fba689b08c2f9f41aad4fa0213f8e42c48d4165c6e2e9c3aa5dc82e419b94326d24fe262f6#rd,2024-04-06 18:22:12
杨乐昆狠批Jeff的提议无用，关键在于实现,http://mp.weixin.qq.com/s?__biz=MzA4NzgzMjA4MQ==&mid=2453431799&idx=2&sn=2c67c1058c722e1bcf368fed70fa5ed1&chksm=87fba689b08c2f9f2bd8db2a41811803e3244ec1dc3aad4fe9f11ba2961baf5c89f34d0a3642#rd,2024-04-06 18:22:12
CVPR 2024 审稿通过率锐降至23.6%,http://mp.weixin.qq.com/s?__biz=MzA4NzgzMjA4MQ==&mid=2453431799&idx=3&sn=8556c2a6b0f2e4625d1939cdc82ed188&chksm=87fba689b08c2f9f44454d4fb4022de053a858953778d51164f62a13e83a3166594edf5978ba#rd,2024-04-06 18:22:12
马斯克：特斯拉将于8/8揭晓无人出租车,http://mp.weixin.qq.com/s?__biz=MzA4NzgzMjA4MQ==&mid=2453431799&idx=4&sn=ff0d3f735fc6a0a45b6434757a4d5f22&chksm=87fba689b08c2f9ff95e6bbfbbcce94279d902dd48e49067383a5ca698c69cb68ec978126a74#rd,2024-04-06 18:22:12
Meta 提出无超参优化器，无需学习率调整了,http://mp.weixin.qq.com/s?__biz=MzA4NzgzMjA4MQ==&mid=2453431799&idx=5&sn=b1d852aa14024885b7b3cfb4cbfdb3f4&chksm=87fba689b08c2f9f232c4592b05434287a0b14f4d338d62eb55cf73ae5d297723aa58598760c#rd,2024-04-06 18:22:12
Meta 新开源项目：不设定时间步长训练更快,http://mp.weixin.qq.com/s?__biz=MzA4NzgzMjA4MQ==&mid=2453431799&idx=6&sn=3577067bce79248070f5e72dd706b399&chksm=87fba689b08c2f9f73622527c6cabf5380a12226e9ca37d1adb12da19efce704a34b6bb422ea#rd,2024-04-06 18:22:12
马斯克：Grok 2 将于下周上线并霸榜，绞杀一切,http://mp.weixin.qq.com/s?__biz=MzA4NzgzMjA4MQ==&mid=2453431568&idx=1&sn=0c3149c1f82836ccc7ec7657e7a95299&chksm=87fba66eb08c2f7852b560226b586b2b927ebd56012c06c6aad7b6d9ef79faf92c9e1a4be9e6#rd,2024-03-29 20:51:28
HeyGen 新功能 Avatar in Motion 1.0，是自媒体的想象力，还是诈骗者的新天地？,http://mp.weixin.qq.com/s?__biz=MzA4NzgzMjA4MQ==&mid=2453431551&idx=1&sn=7510826f0ef16bb6a19fb7ea07bae8cd&chksm=87fba781b08c2e974d7e7842aa593c5bc5674d9e550086497d9eaade03a9344c138a61f200e8#rd,2024-03-28 12:57:07
归功于山姆·奥尔特曼空洞的炒作，ChatGPT 行业会崩盘？,http://mp.weixin.qq.com/s?__biz=MzA4NzgzMjA4MQ==&mid=2453431530&idx=1&sn=0edf7a79f2d04b8c84aacc3601d7f78e&chksm=87fba794b08c2e829448a46f506597b14d3ef604795aa075c5d95c963111a5287c1c2ea7c777#rd,2024-03-22 12:54:15
微调 LLM：RLHF 和替代方案,http://mp.weixin.qq.com/s?__biz=MzA4NzgzMjA4MQ==&mid=2453431522&idx=1&sn=d66964afe5a2c5dc7e63228e1e10abac&chksm=87fba79cb08c2e8aa46f5491727c37d1c715d09eed4b926f680baf70e15a01b18b54f7684443#rd,2024-03-19 14:32:10
Open Souls PBC 创始人：Claude可能是迄今为止最接近通用人工智能的模型,http://mp.weixin.qq.com/s?__biz=MzA4NzgzMjA4MQ==&mid=2453431493&idx=1&sn=f7b223ca467a633d29b13443c0319268&chksm=87fba7bbb08c2ead42cd5465fd97f0d85ec6b1c7a03f6bdd9a8ff1efe08dbfb407111bc33e5e#rd,2024-03-18 23:56:54
